,id,type,geometry.type,geometry.coordinates,properties.@id,properties.@type,properties.elevation.unitCode,properties.elevation.value,properties.station,properties.timestamp,properties.rawMessage,properties.textDescription,properties.icon,properties.presentWeather,properties.temperature.unitCode,properties.temperature.value,properties.temperature.qualityControl,properties.dewpoint.unitCode,properties.dewpoint.value,properties.dewpoint.qualityControl,properties.windDirection.unitCode,properties.windDirection.value,properties.windDirection.qualityControl,properties.windSpeed.unitCode,properties.windSpeed.value,properties.windSpeed.qualityControl,properties.windGust.unitCode,properties.windGust.value,properties.windGust.qualityControl,properties.barometricPressure.unitCode,properties.barometricPressure.value,properties.barometricPressure.qualityControl,properties.seaLevelPressure.unitCode,properties.seaLevelPressure.value,properties.seaLevelPressure.qualityControl,properties.visibility.unitCode,properties.visibility.value,properties.visibility.qualityControl,properties.maxTemperatureLast24Hours.unitCode,properties.maxTemperatureLast24Hours.value,properties.minTemperatureLast24Hours.unitCode,properties.minTemperatureLast24Hours.value,properties.precipitationLast3Hours.unitCode,properties.precipitationLast3Hours.value,properties.precipitationLast3Hours.qualityControl,properties.relativeHumidity.unitCode,properties.relativeHumidity.value,properties.relativeHumidity.qualityControl,properties.windChill.unitCode,properties.windChill.value,properties.windChill.qualityControl,properties.heatIndex.unitCode,properties.heatIndex.value,properties.heatIndex.qualityControl,properties.cloudLayers
0,https://api.weather.gov/stations/SNI/observations/2022-03-15T02:00:00+00:00,Feature,Point,"[-111.86, 41.2]",https://api.weather.gov/stations/SNI/observations/2022-03-15T02:00:00+00:00,wx:ObservationStation,wmoUnit:m,2256.1,https://api.weather.gov/stations/SNI,2022-03-15T02:00:00+00:00,,,,[],wmoUnit:degC,-0.01,V,wmoUnit:degC,-5.86,V,wmoUnit:degree_(angle),,Z,wmoUnit:km_h-1,0.0,V,wmoUnit:km_h-1,0.0,S,wmoUnit:Pa,,Z,wmoUnit:Pa,,Z,wmoUnit:m,,Z,wmoUnit:degC,,wmoUnit:degC,,wmoUnit:m,,Z,wmoUnit:percent,64.743609147357,V,wmoUnit:degC,,V,wmoUnit:degC,,V,[]
1,https://api.weather.gov/stations/SNI/observations/2022-03-15T14:00:00+00:00,Feature,Point,"[-111.86, 41.2]",https://api.weather.gov/stations/SNI/observations/2022-03-15T14:00:00+00:00,wx:ObservationStation,wmoUnit:m,2256.1,https://api.weather.gov/stations/SNI,2022-03-15T14:00:00+00:00,,,,[],wmoUnit:degC,1.75,V,wmoUnit:degC,-8.54,V,wmoUnit:degree_(angle),,Z,wmoUnit:km_h-1,0.0,V,wmoUnit:km_h-1,0.0,S,wmoUnit:Pa,,Z,wmoUnit:Pa,,Z,wmoUnit:m,,Z,wmoUnit:degC,,wmoUnit:degC,,wmoUnit:m,,Z,wmoUnit:percent,46.400194752155,V,wmoUnit:degC,,V,wmoUnit:degC,,V,[]
2,https://api.weather.gov/stations/SNI/observations/2022-03-14T13:00:00+00:00,Feature,Point,"[-111.86, 41.2]",https://api.weather.gov/stations/SNI/observations/2022-03-14T13:00:00+00:00,wx:ObservationStation,wmoUnit:m,2256.1,https://api.weather.gov/stations/SNI,2022-03-14T13:00:00+00:00,,,,[],wmoUnit:degC,-6.51,V,wmoUnit:degC,-7.8,V,wmoUnit:degree_(angle),,Z,wmoUnit:km_h-1,0.0,V,wmoUnit:km_h-1,0.0,S,wmoUnit:Pa,,Z,wmoUnit:Pa,,Z,wmoUnit:m,,Z,wmoUnit:degC,,wmoUnit:degC,,wmoUnit:m,,Z,wmoUnit:percent,90.546068590021,V,wmoUnit:degC,,V,wmoUnit:degC,,V,[]
3,https://api.weather.gov/stations/SNI/observations/2022-03-12T13:00:00+00:00,Feature,Point,"[-111.86, 41.2]",https://api.weather.gov/stations/SNI/observations/2022-03-12T13:00:00+00:00,wx:ObservationStation,wmoUnit:m,2256.1,https://api.weather.gov/stations/SNI,2022-03-12T13:00:00+00:00,,,,[],wmoUnit:degC,-2.89,V,wmoUnit:degC,-7.49,V,wmoUnit:degree_(angle),,Z,wmoUnit:km_h-1,0.0,V,wmoUnit:km_h-1,,Z,wmoUnit:Pa,,Z,wmoUnit:Pa,,Z,wmoUnit:m,,Z,wmoUnit:degC,,wmoUnit:degC,,wmoUnit:m,,Z,wmoUnit:percent,70.586129666204,V,wmoUnit:degC,,V,wmoUnit:degC,,V,[]
4,https://api.weather.gov/stations/SNI/observations/2022-03-11T16:00:00+00:00,Feature,Point,"[-111.86, 41.2]",https://api.weather.gov/stations/SNI/observations/2022-03-11T16:00:00+00:00,wx:ObservationStation,wmoUnit:m,2256.1,https://api.weather.gov/stations/SNI,2022-03-11T16:00:00+00:00,,,,[],wmoUnit:degC,-10.3,V,wmoUnit:degC,-14.55,V,wmoUnit:degree_(angle),,Z,wmoUnit:km_h-1,0.0,V,wmoUnit:km_h-1,0.0,S,wmoUnit:Pa,,Z,wmoUnit:Pa,,Z,wmoUnit:m,,Z,wmoUnit:degC,,wmoUnit:degC,,wmoUnit:m,,Z,wmoUnit:percent,71.01067619376,V,wmoUnit:degC,,V,wmoUnit:degC,,V,[]
5,https://api.weather.gov/stations/SNI/observations/2022-03-15T10:00:00+00:00,Feature,Point,"[-111.86, 41.2]",https://api.weather.gov/stations/SNI/observations/2022-03-15T10:00:00+00:00,wx:ObservationStation,wmoUnit:m,2256.1,https://api.weather.gov/stations/SNI,2022-03-15T10:00:00+00:00,,,,[],wmoUnit:degC,0.66,V,wmoUnit:degC,-6.23,V,wmoUnit:degree_(angle),,Z,wmoUnit:km_h-1,0.0,V,wmoUnit:km_h-1,0.0,S,wmoUnit:Pa,,Z,wmoUnit:Pa,,Z,wmoUnit:m,,Z,wmoUnit:degC,,wmoUnit:degC,,wmoUnit:m,,Z,wmoUnit:percent,59.964854373274,V,wmoUnit:degC,,V,wmoUnit:degC,,V,[]
6,https://api.weather.gov/stations/SNI/observations/2022-03-13T07:00:00+00:00,Feature,Point,"[-111.86, 41.2]",https://api.weather.gov/stations/SNI/observations/2022-03-13T07:00:00+00:00,wx:ObservationStation,wmoUnit:m,2256.1,https://api.weather.gov/stations/SNI,2022-03-13T07:00:00+00:00,,,,[],wmoUnit:degC,3.01,V,wmoUnit:degC,-4.18,V,wmoUnit:degree_(angle),,Z,wmoUnit:km_h-1,0.0,V,wmoUnit:km_h-1,0.0,S,wmoUnit:Pa,,Z,wmoUnit:Pa,,Z,wmoUnit:m,,Z,wmoUnit:degC,,wmoUnit:degC,,wmoUnit:m,,Z,wmoUnit:percent,59.212028838656,V,wmoUnit:degC,,V,wmoUnit:degC,,V,[]
7,https://api.weather.gov/stations/SNI/observations/2022-03-11T05:00:00+00:00,Feature,Point,"[-111.86, 41.2]",https://api.weather.gov/stations/SNI/observations/2022-03-11T05:00:00+00:00,wx:ObservationStation,wmoUnit:m,2256.1,https://api.weather.gov/stations/SNI,2022-03-11T05:00:00+00:00,,,,[],wmoUnit:degC,,Z,wmoUnit:degC,,Z,wmoUnit:degree_(angle),,Z,wmoUnit:km_h-1,,Z,wmoUnit:km_h-1,0.0,S,wmoUnit:Pa,,Z,wmoUnit:Pa,,Z,wmoUnit:m,,Z,wmoUnit:degC,,wmoUnit:degC,,wmoUnit:m,,Z,wmoUnit:percent,,Z,wmoUnit:degC,,Z,wmoUnit:degC,,Z,[]
8,https://api.weather.gov/stations/SNI/observations/2022-03-13T12:00:00+00:00,Feature,Point,"[-111.86, 41.2]",https://api.weather.gov/stations/SNI/observations/2022-03-13T12:00:00+00:00,wx:ObservationStation,wmoUnit:m,2256.1,https://api.weather.gov/stations/SNI,2022-03-13T12:00:00+00:00,,,,[],wmoUnit:degC,3.32,V,wmoUnit:degC,-3.95,V,wmoUnit:degree_(angle),,Z,wmoUnit:km_h-1,0.0,V,wmoUnit:km_h-1,0.0,S,wmoUnit:Pa,,Z,wmoUnit:Pa,,Z,wmoUnit:m,,Z,wmoUnit:degC,,wmoUnit:degC,,wmoUnit:m,,Z,wmoUnit:percent,58.93703845254,V,wmoUnit:degC,,V,wmoUnit:degC,,V,[]
9,https://api.weather.gov/stations/SNI/observations/2022-03-12T01:00:00+00:00,Feature,Point,"[-111.86, 41.2]",https://api.weather.gov/stations/SNI/observations/2022-03-12T01:00:00+00:00,wx:ObservationStation,wmoUnit:m,2256.1,https://api.weather.gov/stations/SNI,2022-03-12T01:00:00+00:00,,,,[],wmoUnit:degC,-5.44,V,wmoUnit:degC,-11.26,V,wmoUnit:degree_(angle),,Z,wmoUnit:km_h-1,0.0,V,wmoUnit:km_h-1,0.0,S,wmoUnit:Pa,,Z,wmoUnit:Pa,,Z,wmoUnit:m,,Z,wmoUnit:degC,,wmoUnit:degC,,wmoUnit:m,,Z,wmoUnit:percent,63.591088116435,V,wmoUnit:degC,,V,wmoUnit:degC,,V,[]
10,https://api.weather.gov/stations/SNI/observations/2022-03-15T19:00:00+00:00,Feature,Point,"[-111.86, 41.2]",https://api.weather.gov/stations/SNI/observations/2022-03-15T19:00:00+00:00,wx:ObservationStation,wmoUnit:m,2256.1,https://api.weather.gov/stations/SNI,2022-03-15T19:00:00+00:00,,,,[],wmoUnit:degC,5.69,V,wmoUnit:degC,-5.15,V,wmoUnit:degree_(angle),,Z,wmoUnit:km_h-1,0.0,V,wmoUnit:km_h-1,0.0,S,wmoUnit:Pa,,Z,wmoUnit:Pa,,Z,wmoUnit:m,,Z,wmoUnit:degC,,wmoUnit:degC,,wmoUnit:m,,Z,wmoUnit:percent,45.623334709828,V,wmoUnit:degC,,V,wmoUnit:degC,,V,[]
11,https://api.weather.gov/stations/SNI/observations/2022-03-14T23:00:00+00:00,Feature,Point,"[-111.86, 41.2]",https://api.weather.gov/stations/SNI/observations/2022-03-14T23:00:00+00:00,wx:ObservationStation,wmoUnit:m,2256.1,https://api.weather.gov/stations/SNI,2022-03-14T23:00:00+00:00,,,,[],wmoUnit:degC,1.63,V,wmoUnit:degC,-3.64,V,wmoUnit:degree_(angle),,Z,wmoUnit:km_h-1,0.0,V,wmoUnit:km_h-1,0.0,S,wmoUnit:Pa,,Z,wmoUnit:Pa,,Z,wmoUnit:m,,Z,wmoUnit:degC,,wmoUnit:degC,,wmoUnit:m,,Z,wmoUnit:percent,68.017795565053,V,wmoUnit:degC,,V,wmoUnit:degC,,V,[]
12,https://api.weather.gov/stations/SNI/observations/2022-03-12T15:00:00+00:00,Feature,Point,"[-111.86, 41.2]",https://api.weather.gov/stations/SNI/observations/2022-03-12T15:00:00+00:00,wx:ObservationStation,wmoUnit:m,2256.1,https://api.weather.gov/stations/SNI,2022-03-12T15:00:00+00:00,,,,[],wmoUnit:degC,,Z,wmoUnit:degC,,Z,wmoUnit:degree_(angle),,Z,wmoUnit:km_h-1,,Z,wmoUnit:km_h-1,0.0,S,wmoUnit:Pa,,Z,wmoUnit:Pa,,Z,wmoUnit:m,,Z,wmoUnit:degC,,wmoUnit:degC,,wmoUnit:m,,Z,wmoUnit:percent,,Z,wmoUnit:degC,,Z,wmoUnit:degC,,Z,[]
13,https://api.weather.gov/stations/SNI/observations/2022-03-12T19:00:00+00:00,Feature,Point,"[-111.86, 41.2]",https://api.weather.gov/stations/SNI/observations/2022-03-12T19:00:00+00:00,wx:ObservationStation,wmoUnit:m,2256.1,https://api.weather.gov/stations/SNI,2022-03-12T19:00:00+00:00,,,,[],wmoUnit:degC,,Z,wmoUnit:degC,,Z,wmoUnit:degree_(angle),,Z,wmoUnit:km_h-1,,Z,wmoUnit:km_h-1,0.0,S,wmoUnit:Pa,,Z,wmoUnit:Pa,,Z,wmoUnit:m,,Z,wmoUnit:degC,,wmoUnit:degC,,wmoUnit:m,,Z,wmoUnit:percent,,Z,wmoUnit:degC,,Z,wmoUnit:degC,,Z,[]
14,https://api.weather.gov/stations/SNI/observations/2022-03-12T08:00:00+00:00,Feature,Point,"[-111.86, 41.2]",https://api.weather.gov/stations/SNI/observations/2022-03-12T08:00:00+00:00,wx:ObservationStation,wmoUnit:m,2256.1,https://api.weather.gov/stations/SNI,2022-03-12T08:00:00+00:00,,,,[],wmoUnit:degC,,Z,wmoUnit:degC,,Z,wmoUnit:degree_(angle),,Z,wmoUnit:km_h-1,,Z,wmoUnit:km_h-1,0.0,S,wmoUnit:Pa,,Z,wmoUnit:Pa,,Z,wmoUnit:m,,Z,wmoUnit:degC,,wmoUnit:degC,,wmoUnit:m,,Z,wmoUnit:percent,,Z,wmoUnit:degC,,Z,wmoUnit:degC,,Z,[]
15,https://api.weather.gov/stations/SNI/observations/2022-03-16T19:00:00+00:00,Feature,Point,"[-111.86, 41.2]",https://api.weather.gov/stations/SNI/observations/2022-03-16T19:00:00+00:00,wx:ObservationStation,wmoUnit:m,2256.1,https://api.weather.gov/stations/SNI,2022-03-16T19:00:00+00:00,,,,[],wmoUnit:degC,,Z,wmoUnit:degC,,Z,wmoUnit:degree_(angle),,Z,wmoUnit:km_h-1,,Z,wmoUnit:km_h-1,0.0,S,wmoUnit:Pa,,Z,wmoUnit:Pa,,Z,wmoUnit:m,,Z,wmoUnit:degC,,wmoUnit:degC,,wmoUnit:m,,Z,wmoUnit:percent,,Z,wmoUnit:degC,,Z,wmoUnit:degC,,Z,[]
16,https://api.weather.gov/stations/SNI/observations/2022-03-15T16:00:00+00:00,Feature,Point,"[-111.86, 41.2]",https://api.weather.gov/stations/SNI/observations/2022-03-15T16:00:00+00:00,wx:ObservationStation,wmoUnit:m,2256.1,https://api.weather.gov/stations/SNI,2022-03-15T16:00:00+00:00,,,,[],wmoUnit:degC,3.28,V,wmoUnit:degC,-7.07,V,wmoUnit:degree_(angle),,Z,wmoUnit:km_h-1,0.0,V,wmoUnit:km_h-1,0.0,S,wmoUnit:Pa,,Z,wmoUnit:Pa,,Z,wmoUnit:m,,Z,wmoUnit:degC,,wmoUnit:degC,,wmoUnit:m,,Z,wmoUnit:percent,46.637510998061,V,wmoUnit:degC,,V,wmoUnit:degC,,V,[]
17,https://api.weather.gov/stations/SNI/observations/2022-03-12T11:00:00+00:00,Feature,Point,"[-111.86, 41.2]",https://api.weather.gov/stations/SNI/observations/2022-03-12T11:00:00+00:00,wx:ObservationStation,wmoUnit:m,2256.1,https://api.weather.gov/stations/SNI,2022-03-12T11:00:00+00:00,,,,[],wmoUnit:degC,-2.92,V,wmoUnit:degC,-8.94,V,wmoUnit:degree_(angle),,Z,wmoUnit:km_h-1,0.0,V,wmoUnit:km_h-1,0.0,S,wmoUnit:Pa,,Z,wmoUnit:Pa,,Z,wmoUnit:m,,Z,wmoUnit:degC,,wmoUnit:degC,,wmoUnit:m,,Z,wmoUnit:percent,63.207488070787,V,wmoUnit:degC,,V,wmoUnit:degC,,V,[]
18,https://api.weather.gov/stations/SNI/observations/2022-03-14T16:00:00+00:00,Feature,Point,"[-111.86, 41.2]",https://api.weather.gov/stations/SNI/observations/2022-03-14T16:00:00+00:00,wx:ObservationStation,wmoUnit:m,2256.1,https://api.weather.gov/stations/SNI,2022-03-14T16:00:00+00:00,,,,[],wmoUnit:degC,-6.16,V,wmoUnit:degC,-6.69,V,wmoUnit:degree_(angle),,Z,wmoUnit:km_h-1,0.0,V,wmoUnit:km_h-1,0.0,S,wmoUnit:Pa,,Z,wmoUnit:Pa,,Z,wmoUnit:m,,Z,wmoUnit:degC,,wmoUnit:degC,,wmoUnit:m,,Z,wmoUnit:percent,96.026044263594,V,wmoUnit:degC,,V,wmoUnit:degC,,V,[]
19,https://api.weather.gov/stations/SNI/observations/2022-03-12T18:00:00+00:00,Feature,Point,"[-111.86, 41.2]",https://api.weather.gov/stations/SNI/observations/2022-03-12T18:00:00+00:00,wx:ObservationStation,wmoUnit:m,2256.1,https://api.weather.gov/stations/SNI,2022-03-12T18:00:00+00:00,,,,[],wmoUnit:degC,,Z,wmoUnit:degC,,Z,wmoUnit:degree_(angle),,Z,wmoUnit:km_h-1,,Z,wmoUnit:km_h-1,0.0,S,wmoUnit:Pa,,Z,wmoUnit:Pa,,Z,wmoUnit:m,,Z,wmoUnit:degC,,wmoUnit:degC,,wmoUnit:m,,Z,wmoUnit:percent,,Z,wmoUnit:degC,,Z,wmoUnit:degC,,Z,[]
20,https://api.weather.gov/stations/SNI/observations/2022-03-15T17:00:00+00:00,Feature,Point,"[-111.86, 41.2]",https://api.weather.gov/stations/SNI/observations/2022-03-15T17:00:00+00:00,wx:ObservationStation,wmoUnit:m,2256.1,https://api.weather.gov/stations/SNI,2022-03-15T17:00:00+00:00,,,,[],wmoUnit:degC,3.64,V,wmoUnit:degC,-6.43,V,wmoUnit:degree_(angle),,Z,wmoUnit:km_h-1,0.0,V,wmoUnit:km_h-1,0.0,S,wmoUnit:Pa,,Z,wmoUnit:Pa,,Z,wmoUnit:m,,Z,wmoUnit:degC,,wmoUnit:degC,,wmoUnit:m,,Z,wmoUnit:percent,47.757104936566,V,wmoUnit:degC,,V,wmoUnit:degC,,V,[]
21,https://api.weather.gov/stations/SNI/observations/2022-03-14T17:00:00+00:00,Feature,Point,"[-111.86, 41.2]",https://api.weather.gov/stations/SNI/observations/2022-03-14T17:00:00+00:00,wx:ObservationStation,wmoUnit:m,2256.1,https://api.weather.gov/stations/SNI,2022-03-14T17:00:00+00:00,,,,[],wmoUnit:degC,,Z,wmoUnit:degC,,Z,wmoUnit:degree_(angle),,Z,wmoUnit:km_h-1,,Z,wmoUnit:km_h-1,0.0,S,wmoUnit:Pa,,Z,wmoUnit:Pa,,Z,wmoUnit:m,,Z,wmoUnit:degC,,wmoUnit:degC,,wmoUnit:m,,Z,wmoUnit:percent,,Z,wmoUnit:degC,,Z,wmoUnit:degC,,Z,[]
22,https://api.weather.gov/stations/SNI/observations/2022-03-13T03:00:00+00:00,Feature,Point,"[-111.86, 41.2]",https://api.weather.gov/stations/SNI/observations/2022-03-13T03:00:00+00:00,wx:ObservationStation,wmoUnit:m,2256.1,https://api.weather.gov/stations/SNI,2022-03-13T03:00:00+00:00,,,,[],wmoUnit:degC,2.01,V,wmoUnit:degC,-2.72,V,wmoUnit:degree_(angle),,Z,wmoUnit:km_h-1,0.0,V,wmoUnit:km_h-1,0.0,S,wmoUnit:Pa,,Z,wmoUnit:Pa,,Z,wmoUnit:m,,Z,wmoUnit:degC,,wmoUnit:degC,,wmoUnit:m,,Z,wmoUnit:percent,70.889244997089,V,wmoUnit:degC,,V,wmoUnit:degC,,V,[]
23,https://api.weather.gov/stations/SNI/observations/2022-03-11T21:00:00+00:00,Feature,Point,"[-111.86, 41.2]",https://api.weather.gov/stations/SNI/observations/2022-03-11T21:00:00+00:00,wx:ObservationStation,wmoUnit:m,2256.1,https://api.weather.gov/stations/SNI,2022-03-11T21:00:00+00:00,,,,[],wmoUnit:degC,-5.62,V,wmoUnit:degC,-13.07,V,wmoUnit:degree_(angle),,Z,wmoUnit:km_h-1,0.0,V,wmoUnit:km_h-1,,Z,wmoUnit:Pa,,Z,wmoUnit:Pa,,Z,wmoUnit:m,,Z,wmoUnit:degC,,wmoUnit:degC,,wmoUnit:m,,Z,wmoUnit:percent,55.739187077881,V,wmoUnit:degC,,V,wmoUnit:degC,,V,[]
24,https://api.weather.gov/stations/SNI/observations/2022-03-15T04:00:00+00:00,Feature,Point,"[-111.86, 41.2]",https://api.weather.gov/stations/SNI/observations/2022-03-15T04:00:00+00:00,wx:ObservationStation,wmoUnit:m,2256.1,https://api.weather.gov/stations/SNI,2022-03-15T04:00:00+00:00,,,,[],wmoUnit:degC,,Z,wmoUnit:degC,,Z,wmoUnit:degree_(angle),,Z,wmoUnit:km_h-1,,Z,wmoUnit:km_h-1,0.0,S,wmoUnit:Pa,,Z,wmoUnit:Pa,,Z,wmoUnit:m,,Z,wmoUnit:degC,,wmoUnit:degC,,wmoUnit:m,,Z,wmoUnit:percent,,Z,wmoUnit:degC,,Z,wmoUnit:degC,,Z,[]
25,https://api.weather.gov/stations/SNI/observations/2022-03-12T12:00:00+00:00,Feature,Point,"[-111.86, 41.2]",https://api.weather.gov/stations/SNI/observations/2022-03-12T12:00:00+00:00,wx:ObservationStation,wmoUnit:m,2256.1,https://api.weather.gov/stations/SNI,2022-03-12T12:00:00+00:00,,,,[],wmoUnit:degC,-2.9,V,wmoUnit:degC,-9.13,V,wmoUnit:degree_(angle),,Z,wmoUnit:km_h-1,0.0,V,wmoUnit:km_h-1,0.0,S,wmoUnit:Pa,,Z,wmoUnit:Pa,,Z,wmoUnit:m,,Z,wmoUnit:degC,,wmoUnit:degC,,wmoUnit:m,,Z,wmoUnit:percent,62.182518174194,V,wmoUnit:degC,,V,wmoUnit:degC,,V,[]
26,https://api.weather.gov/stations/SNI/observations/2022-03-14T09:00:00+00:00,Feature,Point,"[-111.86, 41.2]",https://api.weather.gov/stations/SNI/observations/2022-03-14T09:00:00+00:00,wx:ObservationStation,wmoUnit:m,2256.1,https://api.weather.gov/stations/SNI,2022-03-14T09:00:00+00:00,,,,[],wmoUnit:degC,-4.61,V,wmoUnit:degC,-6.46,V,wmoUnit:degree_(angle),,Z,wmoUnit:km_h-1,0.0,V,wmoUnit:km_h-1,0.0,S,wmoUnit:Pa,,Z,wmoUnit:Pa,,Z,wmoUnit:m,,Z,wmoUnit:degC,,wmoUnit:degC,,wmoUnit:m,,Z,wmoUnit:percent,86.893396433692,V,wmoUnit:degC,,V,wmoUnit:degC,,V,[]
27,https://api.weather.gov/stations/SNI/observations/2022-03-11T19:00:00+00:00,Feature,Point,"[-111.86, 41.2]",https://api.weather.gov/stations/SNI/observations/2022-03-11T19:00:00+00:00,wx:ObservationStation,wmoUnit:m,2256.1,https://api.weather.gov/stations/SNI,2022-03-11T19:00:00+00:00,,,,[],wmoUnit:degC,-7.58,V,wmoUnit:degC,-14.9,V,wmoUnit:degree_(angle),,Z,wmoUnit:km_h-1,0.0,V,wmoUnit:km_h-1,0.0,S,wmoUnit:Pa,,Z,wmoUnit:Pa,,Z,wmoUnit:m,,Z,wmoUnit:degC,,wmoUnit:degC,,wmoUnit:m,,Z,wmoUnit:percent,55.782330315003,V,wmoUnit:degC,,V,wmoUnit:degC,,V,[]
28,https://api.weather.gov/stations/SNI/observations/2022-03-16T00:00:00+00:00,Feature,Point,"[-111.86, 41.2]",https://api.weather.gov/stations/SNI/observations/2022-03-16T00:00:00+00:00,wx:ObservationStation,wmoUnit:m,2256.1,https://api.weather.gov/stations/SNI,2022-03-16T00:00:00+00:00,,,,[],wmoUnit:degC,4.76,V,wmoUnit:degC,1.34,V,wmoUnit:degree_(angle),,Z,wmoUnit:km_h-1,0.0,V,wmoUnit:km_h-1,0.0,S,wmoUnit:Pa,,Z,wmoUnit:Pa,,Z,wmoUnit:m,,Z,wmoUnit:degC,,wmoUnit:degC,,wmoUnit:m,,Z,wmoUnit:percent,78.51214984381,V,wmoUnit:degC,,V,wmoUnit:degC,,V,[]
29,https://api.weather.gov/stations/SNI/observations/2022-03-12T05:00:00+00:00,Feature,Point,"[-111.86, 41.2]",https://api.weather.gov/stations/SNI/observations/2022-03-12T05:00:00+00:00,wx:ObservationStation,wmoUnit:m,2256.1,https://api.weather.gov/stations/SNI,2022-03-12T05:00:00+00:00,,,,[],wmoUnit:degC,-4.56,V,wmoUnit:degC,-10.56,V,wmoUnit:degree_(angle),,Z,wmoUnit:km_h-1,0.0,V,wmoUnit:km_h-1,0.0,S,wmoUnit:Pa,,Z,wmoUnit:Pa,,Z,wmoUnit:m,,Z,wmoUnit:degC,,wmoUnit:degC,,wmoUnit:m,,Z,wmoUnit:percent,62.903045600152,V,wmoUnit:degC,,V,wmoUnit:degC,,V,[]
30,https://api.weather.gov/stations/SNI/observations/2022-03-15T08:00:00+00:00,Feature,Point,"[-111.86, 41.2]",https://api.weather.gov/stations/SNI/observations/2022-03-15T08:00:00+00:00,wx:ObservationStation,wmoUnit:m,2256.1,https://api.weather.gov/stations/SNI,2022-03-15T08:00:00+00:00,,,,[],wmoUnit:degC,-0.34,V,wmoUnit:degC,,Z,wmoUnit:degree_(angle),,Z,wmoUnit:km_h-1,0.0,V,wmoUnit:km_h-1,0.0,S,wmoUnit:Pa,,Z,wmoUnit:Pa,,Z,wmoUnit:m,,Z,wmoUnit:degC,,wmoUnit:degC,,wmoUnit:m,,Z,wmoUnit:percent,,V,wmoUnit:degC,,V,wmoUnit:degC,,V,[]
31,https://api.weather.gov/stations/SNI/observations/2022-03-16T04:00:00+00:00,Feature,Point,"[-111.86, 41.2]",https://api.weather.gov/stations/SNI/observations/2022-03-16T04:00:00+00:00,wx:ObservationStation,wmoUnit:m,2256.1,https://api.weather.gov/stations/SNI,2022-03-16T04:00:00+00:00,,,,[],wmoUnit:degC,0.0,V,wmoUnit:degC,0.0,V,wmoUnit:degree_(angle),,Z,wmoUnit:km_h-1,0.0,V,wmoUnit:km_h-1,0.0,S,wmoUnit:Pa,,Z,wmoUnit:Pa,,Z,wmoUnit:m,,Z,wmoUnit:degC,,wmoUnit:degC,,wmoUnit:m,,Z,wmoUnit:percent,100.0,V,wmoUnit:degC,,V,wmoUnit:degC,,V,[]
32,https://api.weather.gov/stations/SNI/observations/2022-03-16T16:00:00+00:00,Feature,Point,"[-111.86, 41.2]",https://api.weather.gov/stations/SNI/observations/2022-03-16T16:00:00+00:00,wx:ObservationStation,wmoUnit:m,2256.1,https://api.weather.gov/stations/SNI,2022-03-16T16:00:00+00:00,,,,[],wmoUnit:degC,,Z,wmoUnit:degC,,Z,wmoUnit:degree_(angle),,Z,wmoUnit:km_h-1,,Z,wmoUnit:km_h-1,0.0,S,wmoUnit:Pa,,Z,wmoUnit:Pa,,Z,wmoUnit:m,,Z,wmoUnit:degC,,wmoUnit:degC,,wmoUnit:m,,Z,wmoUnit:percent,,Z,wmoUnit:degC,,Z,wmoUnit:degC,,Z,[]
33,https://api.weather.gov/stations/SNI/observations/2022-03-12T22:00:00+00:00,Feature,Point,"[-111.86, 41.2]",https://api.weather.gov/stations/SNI/observations/2022-03-12T22:00:00+00:00,wx:ObservationStation,wmoUnit:m,2256.1,https://api.weather.gov/stations/SNI,2022-03-12T22:00:00+00:00,,,,[],wmoUnit:degC,2.31,V,wmoUnit:degC,-3.84,V,wmoUnit:degree_(angle),,Z,wmoUnit:km_h-1,0.0,V,wmoUnit:km_h-1,0.0,S,wmoUnit:Pa,,Z,wmoUnit:Pa,,Z,wmoUnit:m,,Z,wmoUnit:degC,,wmoUnit:degC,,wmoUnit:m,,Z,wmoUnit:percent,63.833972314406,V,wmoUnit:degC,,V,wmoUnit:degC,,V,[]
34,https://api.weather.gov/stations/SNI/observations/2022-03-12T16:00:00+00:00,Feature,Point,"[-111.86, 41.2]",https://api.weather.gov/stations/SNI/observations/2022-03-12T16:00:00+00:00,wx:ObservationStation,wmoUnit:m,2256.1,https://api.weather.gov/stations/SNI,2022-03-12T16:00:00+00:00,,,,[],wmoUnit:degC,-1.6,V,wmoUnit:degC,,Z,wmoUnit:degree_(angle),,Z,wmoUnit:km_h-1,0.0,V,wmoUnit:km_h-1,0.0,S,wmoUnit:Pa,,Z,wmoUnit:Pa,,Z,wmoUnit:m,,Z,wmoUnit:degC,,wmoUnit:degC,,wmoUnit:m,,Z,wmoUnit:percent,,V,wmoUnit:degC,,V,wmoUnit:degC,,V,[]
35,https://api.weather.gov/stations/SNI/observations/2022-03-16T18:00:00+00:00,Feature,Point,"[-111.86, 41.2]",https://api.weather.gov/stations/SNI/observations/2022-03-16T18:00:00+00:00,wx:ObservationStation,wmoUnit:m,2256.1,https://api.weather.gov/stations/SNI,2022-03-16T18:00:00+00:00,,,,[],wmoUnit:degC,0.94,V,wmoUnit:degC,0.27,V,wmoUnit:degree_(angle),,Z,wmoUnit:km_h-1,0.0,V,wmoUnit:km_h-1,0.0,S,wmoUnit:Pa,,Z,wmoUnit:Pa,,Z,wmoUnit:m,,Z,wmoUnit:degC,,wmoUnit:degC,,wmoUnit:m,,Z,wmoUnit:percent,95.280332250642,V,wmoUnit:degC,,V,wmoUnit:degC,,V,[]
36,https://api.weather.gov/stations/SNI/observations/2022-03-14T01:00:00+00:00,Feature,Point,"[-111.86, 41.2]",https://api.weather.gov/stations/SNI/observations/2022-03-14T01:00:00+00:00,wx:ObservationStation,wmoUnit:m,2256.1,https://api.weather.gov/stations/SNI,2022-03-14T01:00:00+00:00,,,,[],wmoUnit:degC,-1.48,V,wmoUnit:degC,-2.42,V,wmoUnit:degree_(angle),,Z,wmoUnit:km_h-1,0.0,V,wmoUnit:km_h-1,,Z,wmoUnit:Pa,,Z,wmoUnit:Pa,,Z,wmoUnit:m,,Z,wmoUnit:degC,,wmoUnit:degC,,wmoUnit:m,,Z,wmoUnit:percent,93.30698335368,V,wmoUnit:degC,,V,wmoUnit:degC,,V,[]
37,https://api.weather.gov/stations/SNI/observations/2022-03-11T13:00:00+00:00,Feature,Point,"[-111.86, 41.2]",https://api.weather.gov/stations/SNI/observations/2022-03-11T13:00:00+00:00,wx:ObservationStation,wmoUnit:m,2256.1,https://api.weather.gov/stations/SNI,2022-03-11T13:00:00+00:00,,,,[],wmoUnit:degC,-12.07,V,wmoUnit:degC,-15.34,V,wmoUnit:degree_(angle),,Z,wmoUnit:km_h-1,0.0,V,wmoUnit:km_h-1,0.0,S,wmoUnit:Pa,,Z,wmoUnit:Pa,,Z,wmoUnit:m,,Z,wmoUnit:degC,,wmoUnit:degC,,wmoUnit:m,,Z,wmoUnit:percent,76.617875424624,V,wmoUnit:degC,,V,wmoUnit:degC,,V,[]
38,https://api.weather.gov/stations/SNI/observations/2022-03-16T11:00:00+00:00,Feature,Point,"[-111.86, 41.2]",https://api.weather.gov/stations/SNI/observations/2022-03-16T11:00:00+00:00,wx:ObservationStation,wmoUnit:m,2256.1,https://api.weather.gov/stations/SNI,2022-03-16T11:00:00+00:00,,,,[],wmoUnit:degC,,Z,wmoUnit:degC,,Z,wmoUnit:degree_(angle),,Z,wmoUnit:km_h-1,0.0,V,wmoUnit:km_h-1,0.0,S,wmoUnit:Pa,,Z,wmoUnit:Pa,,Z,wmoUnit:m,,Z,wmoUnit:degC,,wmoUnit:degC,,wmoUnit:m,,Z,wmoUnit:percent,,Z,wmoUnit:degC,,Z,wmoUnit:degC,,Z,[]
39,https://api.weather.gov/stations/SNI/observations/2022-03-11T10:00:00+00:00,Feature,Point,"[-111.86, 41.2]",https://api.weather.gov/stations/SNI/observations/2022-03-11T10:00:00+00:00,wx:ObservationStation,wmoUnit:m,2256.1,https://api.weather.gov/stations/SNI,2022-03-11T10:00:00+00:00,,,,[],wmoUnit:degC,,Z,wmoUnit:degC,,Z,wmoUnit:degree_(angle),,Z,wmoUnit:km_h-1,,Z,wmoUnit:km_h-1,0.0,S,wmoUnit:Pa,,Z,wmoUnit:Pa,,Z,wmoUnit:m,,Z,wmoUnit:degC,,wmoUnit:degC,,wmoUnit:m,,Z,wmoUnit:percent,,Z,wmoUnit:degC,,Z,wmoUnit:degC,,Z,[]
40,https://api.weather.gov/stations/SNI/observations/2022-03-15T13:00:00+00:00,Feature,Point,"[-111.86, 41.2]",https://api.weather.gov/stations/SNI/observations/2022-03-15T13:00:00+00:00,wx:ObservationStation,wmoUnit:m,2256.1,https://api.weather.gov/stations/SNI,2022-03-15T13:00:00+00:00,,,,[],wmoUnit:degC,1.4,V,wmoUnit:degC,-6.24,V,wmoUnit:degree_(angle),,Z,wmoUnit:km_h-1,0.0,V,wmoUnit:km_h-1,0.0,S,wmoUnit:Pa,,Z,wmoUnit:Pa,,Z,wmoUnit:m,,Z,wmoUnit:degC,,wmoUnit:degC,,wmoUnit:m,,Z,wmoUnit:percent,56.813990171689,V,wmoUnit:degC,,V,wmoUnit:degC,,V,[]
41,https://api.weather.gov/stations/SNI/observations/2022-03-14T21:00:00+00:00,Feature,Point,"[-111.86, 41.2]",https://api.weather.gov/stations/SNI/observations/2022-03-14T21:00:00+00:00,wx:ObservationStation,wmoUnit:m,2256.1,https://api.weather.gov/stations/SNI,2022-03-14T21:00:00+00:00,,,,[],wmoUnit:degC,,Z,wmoUnit:degC,,Z,wmoUnit:degree_(angle),,Z,wmoUnit:km_h-1,,Z,wmoUnit:km_h-1,0.0,S,wmoUnit:Pa,,Z,wmoUnit:Pa,,Z,wmoUnit:m,,Z,wmoUnit:degC,,wmoUnit:degC,,wmoUnit:m,,Z,wmoUnit:percent,,Z,wmoUnit:degC,,Z,wmoUnit:degC,,Z,[]
42,https://api.weather.gov/stations/SNI/observations/2022-03-13T23:00:00+00:00,Feature,Point,"[-111.86, 41.2]",https://api.weather.gov/stations/SNI/observations/2022-03-13T23:00:00+00:00,wx:ObservationStation,wmoUnit:m,2256.1,https://api.weather.gov/stations/SNI,2022-03-13T23:00:00+00:00,,,,[],wmoUnit:degC,,Z,wmoUnit:degC,,Z,wmoUnit:degree_(angle),,Z,wmoUnit:km_h-1,,Z,wmoUnit:km_h-1,0.0,S,wmoUnit:Pa,,Z,wmoUnit:Pa,,Z,wmoUnit:m,,Z,wmoUnit:degC,,wmoUnit:degC,,wmoUnit:m,,Z,wmoUnit:percent,,Z,wmoUnit:degC,,Z,wmoUnit:degC,,Z,[]
43,https://api.weather.gov/stations/SNI/observations/2022-03-13T21:00:00+00:00,Feature,Point,"[-111.86, 41.2]",https://api.weather.gov/stations/SNI/observations/2022-03-13T21:00:00+00:00,wx:ObservationStation,wmoUnit:m,2256.1,https://api.weather.gov/stations/SNI,2022-03-13T21:00:00+00:00,,,,[],wmoUnit:degC,0.22,V,wmoUnit:degC,-1.57,V,wmoUnit:degree_(angle),,Z,wmoUnit:km_h-1,0.0,V,wmoUnit:km_h-1,0.0,S,wmoUnit:Pa,,Z,wmoUnit:Pa,,Z,wmoUnit:m,,Z,wmoUnit:degC,,wmoUnit:degC,,wmoUnit:m,,Z,wmoUnit:percent,87.762602474986,V,wmoUnit:degC,,V,wmoUnit:degC,,V,[]
44,https://api.weather.gov/stations/SNI/observations/2022-03-12T21:00:00+00:00,Feature,Point,"[-111.86, 41.2]",https://api.weather.gov/stations/SNI/observations/2022-03-12T21:00:00+00:00,wx:ObservationStation,wmoUnit:m,2256.1,https://api.weather.gov/stations/SNI,2022-03-12T21:00:00+00:00,,,,[],wmoUnit:degC,1.55,V,wmoUnit:degC,,Z,wmoUnit:degree_(angle),,Z,wmoUnit:km_h-1,0.0,V,wmoUnit:km_h-1,0.0,S,wmoUnit:Pa,,Z,wmoUnit:Pa,,Z,wmoUnit:m,,Z,wmoUnit:degC,,wmoUnit:degC,,wmoUnit:m,,Z,wmoUnit:percent,,V,wmoUnit:degC,,V,wmoUnit:degC,,V,[]
45,https://api.weather.gov/stations/SNI/observations/2022-03-15T01:00:00+00:00,Feature,Point,"[-111.86, 41.2]",https://api.weather.gov/stations/SNI/observations/2022-03-15T01:00:00+00:00,wx:ObservationStation,wmoUnit:m,2256.1,https://api.weather.gov/stations/SNI,2022-03-15T01:00:00+00:00,,,,[],wmoUnit:degC,1.4,V,wmoUnit:degC,-5.75,V,wmoUnit:degree_(angle),,Z,wmoUnit:km_h-1,0.0,V,wmoUnit:km_h-1,0.0,S,wmoUnit:Pa,,Z,wmoUnit:Pa,,Z,wmoUnit:m,,Z,wmoUnit:degC,,wmoUnit:degC,,wmoUnit:m,,Z,wmoUnit:percent,58.976378931106,V,wmoUnit:degC,,V,wmoUnit:degC,,V,[]
46,https://api.weather.gov/stations/SNI/observations/2022-03-10T23:00:00+00:00,Feature,Point,"[-111.86, 41.2]",https://api.weather.gov/stations/SNI/observations/2022-03-10T23:00:00+00:00,wx:ObservationStation,wmoUnit:m,2256.1,https://api.weather.gov/stations/SNI,2022-03-10T23:00:00+00:00,,,,[],wmoUnit:degC,-6.88,V,wmoUnit:degC,-15.82,V,wmoUnit:degree_(angle),,Z,wmoUnit:km_h-1,0.0,V,wmoUnit:km_h-1,0.0,S,wmoUnit:Pa,,Z,wmoUnit:Pa,,Z,wmoUnit:m,,Z,wmoUnit:degC,,wmoUnit:degC,,wmoUnit:m,,Z,wmoUnit:percent,48.984794811334,V,wmoUnit:degC,,V,wmoUnit:degC,,V,[]
47,https://api.weather.gov/stations/SNI/observations/2022-03-12T09:00:00+00:00,Feature,Point,"[-111.86, 41.2]",https://api.weather.gov/stations/SNI/observations/2022-03-12T09:00:00+00:00,wx:ObservationStation,wmoUnit:m,2256.1,https://api.weather.gov/stations/SNI,2022-03-12T09:00:00+00:00,,,,[],wmoUnit:degC,-2.97,V,wmoUnit:degC,-9.25,V,wmoUnit:degree_(angle),,Z,wmoUnit:km_h-1,0.0,V,wmoUnit:km_h-1,0.0,S,wmoUnit:Pa,,Z,wmoUnit:Pa,,Z,wmoUnit:m,,Z,wmoUnit:degC,,wmoUnit:degC,,wmoUnit:m,,Z,wmoUnit:percent,61.921992182871,V,wmoUnit:degC,,V,wmoUnit:degC,,V,[]
48,https://api.weather.gov/stations/SNI/observations/2022-03-12T17:00:00+00:00,Feature,Point,"[-111.86, 41.2]",https://api.weather.gov/stations/SNI/observations/2022-03-12T17:00:00+00:00,wx:ObservationStation,wmoUnit:m,2256.1,https://api.weather.gov/stations/SNI,2022-03-12T17:00:00+00:00,,,,[],wmoUnit:degC,-0.74,V,wmoUnit:degC,,Z,wmoUnit:degree_(angle),,Z,wmoUnit:km_h-1,0.0,V,wmoUnit:km_h-1,0.0,S,wmoUnit:Pa,,Z,wmoUnit:Pa,,Z,wmoUnit:m,,Z,wmoUnit:degC,,wmoUnit:degC,,wmoUnit:m,,Z,wmoUnit:percent,,V,wmoUnit:degC,,V,wmoUnit:degC,,V,[]
49,https://api.weather.gov/stations/SNI/observations/2022-03-16T13:00:00+00:00,Feature,Point,"[-111.86, 41.2]",https://api.weather.gov/stations/SNI/observations/2022-03-16T13:00:00+00:00,wx:ObservationStation,wmoUnit:m,2256.1,https://api.weather.gov/stations/SNI,2022-03-16T13:00:00+00:00,,,,[],wmoUnit:degC,,Z,wmoUnit:degC,,Z,wmoUnit:degree_(angle),,Z,wmoUnit:km_h-1,0.0,V,wmoUnit:km_h-1,0.0,S,wmoUnit:Pa,,Z,wmoUnit:Pa,,Z,wmoUnit:m,,Z,wmoUnit:degC,,wmoUnit:degC,,wmoUnit:m,,Z,wmoUnit:percent,,Z,wmoUnit:degC,,Z,wmoUnit:degC,,Z,[]
50,https://api.weather.gov/stations/SNI/observations/2022-03-12T02:00:00+00:00,Feature,Point,"[-111.86, 41.2]",https://api.weather.gov/stations/SNI/observations/2022-03-12T02:00:00+00:00,wx:ObservationStation,wmoUnit:m,2256.1,https://api.weather.gov/stations/SNI,2022-03-12T02:00:00+00:00,,,,[],wmoUnit:degC,-5.24,V,wmoUnit:degC,-10.59,V,wmoUnit:degree_(angle),,Z,wmoUnit:km_h-1,0.0,V,wmoUnit:km_h-1,0.0,S,wmoUnit:Pa,,Z,wmoUnit:Pa,,Z,wmoUnit:m,,Z,wmoUnit:degC,,wmoUnit:degC,,wmoUnit:m,,Z,wmoUnit:percent,66.061079774773,V,wmoUnit:degC,,V,wmoUnit:degC,,V,[]
51,https://api.weather.gov/stations/SNI/observations/2022-03-15T23:00:00+00:00,Feature,Point,"[-111.86, 41.2]",https://api.weather.gov/stations/SNI/observations/2022-03-15T23:00:00+00:00,wx:ObservationStation,wmoUnit:m,2256.1,https://api.weather.gov/stations/SNI,2022-03-15T23:00:00+00:00,,,,[],wmoUnit:degC,5.47,V,wmoUnit:degC,-1.22,V,wmoUnit:degree_(angle),,Z,wmoUnit:km_h-1,0.0,V,wmoUnit:km_h-1,0.0,S,wmoUnit:Pa,,Z,wmoUnit:Pa,,Z,wmoUnit:m,,Z,wmoUnit:degC,,wmoUnit:degC,,wmoUnit:m,,Z,wmoUnit:percent,62.072532274506,V,wmoUnit:degC,,V,wmoUnit:degC,,V,[]
52,https://api.weather.gov/stations/SNI/observations/2022-03-16T12:00:00+00:00,Feature,Point,"[-111.86, 41.2]",https://api.weather.gov/stations/SNI/observations/2022-03-16T12:00:00+00:00,wx:ObservationStation,wmoUnit:m,2256.1,https://api.weather.gov/stations/SNI,2022-03-16T12:00:00+00:00,,,,[],wmoUnit:degC,-0.86,V,wmoUnit:degC,-0.86,V,wmoUnit:degree_(angle),,Z,wmoUnit:km_h-1,0.0,V,wmoUnit:km_h-1,0.0,S,wmoUnit:Pa,,Z,wmoUnit:Pa,,Z,wmoUnit:m,,Z,wmoUnit:degC,,wmoUnit:degC,,wmoUnit:m,,Z,wmoUnit:percent,100.0,V,wmoUnit:degC,,V,wmoUnit:degC,,V,[]
53,https://api.weather.gov/stations/SNI/observations/2022-03-14T14:00:00+00:00,Feature,Point,"[-111.86, 41.2]",https://api.weather.gov/stations/SNI/observations/2022-03-14T14:00:00+00:00,wx:ObservationStation,wmoUnit:m,2256.1,https://api.weather.gov/stations/SNI,2022-03-14T14:00:00+00:00,,,,[],wmoUnit:degC,-6.73,V,wmoUnit:degC,-8.28,V,wmoUnit:degree_(angle),,Z,wmoUnit:km_h-1,0.0,V,wmoUnit:km_h-1,0.0,S,wmoUnit:Pa,,Z,wmoUnit:Pa,,Z,wmoUnit:m,,Z,wmoUnit:degC,,wmoUnit:degC,,wmoUnit:m,,Z,wmoUnit:percent,88.720165644538,V,wmoUnit:degC,,V,wmoUnit:degC,,V,[]
54,https://api.weather.gov/stations/SNI/observations/2022-03-16T08:00:00+00:00,Feature,Point,"[-111.86, 41.2]",https://api.weather.gov/stations/SNI/observations/2022-03-16T08:00:00+00:00,wx:ObservationStation,wmoUnit:m,2256.1,https://api.weather.gov/stations/SNI,2022-03-16T08:00:00+00:00,,,,[],wmoUnit:degC,,Z,wmoUnit:degC,,Z,wmoUnit:degree_(angle),,Z,wmoUnit:km_h-1,,Z,wmoUnit:km_h-1,0.0,S,wmoUnit:Pa,,Z,wmoUnit:Pa,,Z,wmoUnit:m,,Z,wmoUnit:degC,,wmoUnit:degC,,wmoUnit:m,,Z,wmoUnit:percent,,Z,wmoUnit:degC,,Z,wmoUnit:degC,,Z,[]
55,https://api.weather.gov/stations/SNI/observations/2022-03-13T14:00:00+00:00,Feature,Point,"[-111.86, 41.2]",https://api.weather.gov/stations/SNI/observations/2022-03-13T14:00:00+00:00,wx:ObservationStation,wmoUnit:m,2256.1,https://api.weather.gov/stations/SNI,2022-03-13T14:00:00+00:00,,,,[],wmoUnit:degC,3.12,V,wmoUnit:degC,-3.59,V,wmoUnit:degree_(angle),,Z,wmoUnit:km_h-1,0.0,V,wmoUnit:km_h-1,0.0,S,wmoUnit:Pa,,Z,wmoUnit:Pa,,Z,wmoUnit:m,,Z,wmoUnit:degC,,wmoUnit:degC,,wmoUnit:m,,Z,wmoUnit:percent,61.407544769538,V,wmoUnit:degC,,V,wmoUnit:degC,,V,[]
56,https://api.weather.gov/stations/SNI/observations/2022-03-14T19:00:00+00:00,Feature,Point,"[-111.86, 41.2]",https://api.weather.gov/stations/SNI/observations/2022-03-14T19:00:00+00:00,wx:ObservationStation,wmoUnit:m,2256.1,https://api.weather.gov/stations/SNI,2022-03-14T19:00:00+00:00,,,,[],wmoUnit:degC,0.36,V,wmoUnit:degC,-2.57,V,wmoUnit:degree_(angle),,Z,wmoUnit:km_h-1,0.0,V,wmoUnit:km_h-1,0.0,S,wmoUnit:Pa,,Z,wmoUnit:Pa,,Z,wmoUnit:m,,Z,wmoUnit:degC,,wmoUnit:degC,,wmoUnit:m,,Z,wmoUnit:percent,80.699831953895,V,wmoUnit:degC,,V,wmoUnit:degC,,V,[]
57,https://api.weather.gov/stations/SNI/observations/2022-03-15T11:00:00+00:00,Feature,Point,"[-111.86, 41.2]",https://api.weather.gov/stations/SNI/observations/2022-03-15T11:00:00+00:00,wx:ObservationStation,wmoUnit:m,2256.1,https://api.weather.gov/stations/SNI,2022-03-15T11:00:00+00:00,,,,[],wmoUnit:degC,0.89,V,wmoUnit:degC,-6.26,V,wmoUnit:degree_(angle),,Z,wmoUnit:km_h-1,0.0,V,wmoUnit:km_h-1,0.0,S,wmoUnit:Pa,,Z,wmoUnit:Pa,,Z,wmoUnit:m,,Z,wmoUnit:degC,,wmoUnit:degC,,wmoUnit:m,,Z,wmoUnit:percent,58.84420195647,V,wmoUnit:degC,,V,wmoUnit:degC,,V,[]
58,https://api.weather.gov/stations/SNI/observations/2022-03-14T11:00:00+00:00,Feature,Point,"[-111.86, 41.2]",https://api.weather.gov/stations/SNI/observations/2022-03-14T11:00:00+00:00,wx:ObservationStation,wmoUnit:m,2256.1,https://api.weather.gov/stations/SNI,2022-03-14T11:00:00+00:00,,,,[],wmoUnit:degC,-4.87,V,wmoUnit:degC,-5.63,V,wmoUnit:degree_(angle),,Z,wmoUnit:km_h-1,0.0,V,wmoUnit:km_h-1,0.0,S,wmoUnit:Pa,,Z,wmoUnit:Pa,,Z,wmoUnit:m,,Z,wmoUnit:degC,,wmoUnit:degC,,wmoUnit:m,,Z,wmoUnit:percent,94.405102593561,V,wmoUnit:degC,,V,wmoUnit:degC,,V,[]
59,https://api.weather.gov/stations/SNI/observations/2022-03-15T18:00:00+00:00,Feature,Point,"[-111.86, 41.2]",https://api.weather.gov/stations/SNI/observations/2022-03-15T18:00:00+00:00,wx:ObservationStation,wmoUnit:m,2256.1,https://api.weather.gov/stations/SNI,2022-03-15T18:00:00+00:00,,,,[],wmoUnit:degC,4.61,V,wmoUnit:degC,-5.61,V,wmoUnit:degree_(angle),,Z,wmoUnit:km_h-1,0.0,V,wmoUnit:km_h-1,0.0,S,wmoUnit:Pa,,Z,wmoUnit:Pa,,Z,wmoUnit:m,,Z,wmoUnit:degC,,wmoUnit:degC,,wmoUnit:m,,Z,wmoUnit:percent,47.495613294466,V,wmoUnit:degC,,V,wmoUnit:degC,,V,[]
60,https://api.weather.gov/stations/SNI/observations/2022-03-15T15:00:00+00:00,Feature,Point,"[-111.86, 41.2]",https://api.weather.gov/stations/SNI/observations/2022-03-15T15:00:00+00:00,wx:ObservationStation,wmoUnit:m,2256.1,https://api.weather.gov/stations/SNI,2022-03-15T15:00:00+00:00,,,,[],wmoUnit:degC,2.69,V,wmoUnit:degC,-9.27,V,wmoUnit:degree_(angle),,Z,wmoUnit:km_h-1,0.0,V,wmoUnit:km_h-1,0.0,S,wmoUnit:Pa,,Z,wmoUnit:Pa,,Z,wmoUnit:m,,Z,wmoUnit:degC,,wmoUnit:degC,,wmoUnit:m,,Z,wmoUnit:percent,40.989734149695,V,wmoUnit:degC,,V,wmoUnit:degC,,V,[]
61,https://api.weather.gov/stations/SNI/observations/2022-03-13T09:00:00+00:00,Feature,Point,"[-111.86, 41.2]",https://api.weather.gov/stations/SNI/observations/2022-03-13T09:00:00+00:00,wx:ObservationStation,wmoUnit:m,2256.1,https://api.weather.gov/stations/SNI,2022-03-13T09:00:00+00:00,,,,[],wmoUnit:degC,,Z,wmoUnit:degC,,Z,wmoUnit:degree_(angle),,Z,wmoUnit:km_h-1,,Z,wmoUnit:km_h-1,0.0,S,wmoUnit:Pa,,Z,wmoUnit:Pa,,Z,wmoUnit:m,,Z,wmoUnit:degC,,wmoUnit:degC,,wmoUnit:m,,Z,wmoUnit:percent,,Z,wmoUnit:degC,,Z,wmoUnit:degC,,Z,[]
62,https://api.weather.gov/stations/SNI/observations/2022-03-11T11:00:00+00:00,Feature,Point,"[-111.86, 41.2]",https://api.weather.gov/stations/SNI/observations/2022-03-11T11:00:00+00:00,wx:ObservationStation,wmoUnit:m,2256.1,https://api.weather.gov/stations/SNI,2022-03-11T11:00:00+00:00,,,,[],wmoUnit:degC,,Z,wmoUnit:degC,,Z,wmoUnit:degree_(angle),,Z,wmoUnit:km_h-1,0.0,V,wmoUnit:km_h-1,0.0,S,wmoUnit:Pa,,Z,wmoUnit:Pa,,Z,wmoUnit:m,,Z,wmoUnit:degC,,wmoUnit:degC,,wmoUnit:m,,Z,wmoUnit:percent,,Z,wmoUnit:degC,,Z,wmoUnit:degC,,Z,[]
63,https://api.weather.gov/stations/SNI/observations/2022-03-11T04:00:00+00:00,Feature,Point,"[-111.86, 41.2]",https://api.weather.gov/stations/SNI/observations/2022-03-11T04:00:00+00:00,wx:ObservationStation,wmoUnit:m,2256.1,https://api.weather.gov/stations/SNI,2022-03-11T04:00:00+00:00,,,,[],wmoUnit:degC,-11.11,V,wmoUnit:degC,-15.52,V,wmoUnit:degree_(angle),,Z,wmoUnit:km_h-1,0.0,V,wmoUnit:km_h-1,0.0,S,wmoUnit:Pa,,Z,wmoUnit:Pa,,Z,wmoUnit:m,,Z,wmoUnit:degC,,wmoUnit:degC,,wmoUnit:m,,Z,wmoUnit:percent,69.908117836243,V,wmoUnit:degC,,V,wmoUnit:degC,,V,[]
64,https://api.weather.gov/stations/SNI/observations/2022-03-16T14:00:00+00:00,Feature,Point,"[-111.86, 41.2]",https://api.weather.gov/stations/SNI/observations/2022-03-16T14:00:00+00:00,wx:ObservationStation,wmoUnit:m,2256.1,https://api.weather.gov/stations/SNI,2022-03-16T14:00:00+00:00,,,,[],wmoUnit:degC,,Z,wmoUnit:degC,,Z,wmoUnit:degree_(angle),,Z,wmoUnit:km_h-1,0.0,V,wmoUnit:km_h-1,0.0,S,wmoUnit:Pa,,Z,wmoUnit:Pa,,Z,wmoUnit:m,,Z,wmoUnit:degC,,wmoUnit:degC,,wmoUnit:m,,Z,wmoUnit:percent,,Z,wmoUnit:degC,,Z,wmoUnit:degC,,Z,[]
65,https://api.weather.gov/stations/SNI/observations/2022-03-14T12:00:00+00:00,Feature,Point,"[-111.86, 41.2]",https://api.weather.gov/stations/SNI/observations/2022-03-14T12:00:00+00:00,wx:ObservationStation,wmoUnit:m,2256.1,https://api.weather.gov/stations/SNI,2022-03-14T12:00:00+00:00,,,,[],wmoUnit:degC,-5.9,V,wmoUnit:degC,-6.82,V,wmoUnit:degree_(angle),,Z,wmoUnit:km_h-1,0.0,V,wmoUnit:km_h-1,0.0,S,wmoUnit:Pa,,Z,wmoUnit:Pa,,Z,wmoUnit:m,,Z,wmoUnit:degC,,wmoUnit:degC,,wmoUnit:m,,Z,wmoUnit:percent,93.2066161131,V,wmoUnit:degC,,V,wmoUnit:degC,,V,[]
66,https://api.weather.gov/stations/SNI/observations/2022-03-11T17:00:00+00:00,Feature,Point,"[-111.86, 41.2]",https://api.weather.gov/stations/SNI/observations/2022-03-11T17:00:00+00:00,wx:ObservationStation,wmoUnit:m,2256.1,https://api.weather.gov/stations/SNI,2022-03-11T17:00:00+00:00,,,,[],wmoUnit:degC,,Z,wmoUnit:degC,,Z,wmoUnit:degree_(angle),,Z,wmoUnit:km_h-1,,Z,wmoUnit:km_h-1,0.0,S,wmoUnit:Pa,,Z,wmoUnit:Pa,,Z,wmoUnit:m,,Z,wmoUnit:degC,,wmoUnit:degC,,wmoUnit:m,,Z,wmoUnit:percent,,Z,wmoUnit:degC,,Z,wmoUnit:degC,,Z,[]
67,https://api.weather.gov/stations/SNI/observations/2022-03-16T20:00:00+00:00,Feature,Point,"[-111.86, 41.2]",https://api.weather.gov/stations/SNI/observations/2022-03-16T20:00:00+00:00,wx:ObservationStation,wmoUnit:m,2256.1,https://api.weather.gov/stations/SNI,2022-03-16T20:00:00+00:00,,,,[],wmoUnit:degC,0.6,V,wmoUnit:degC,-0.12,V,wmoUnit:degree_(angle),,Z,wmoUnit:km_h-1,0.0,V,wmoUnit:km_h-1,0.0,S,wmoUnit:Pa,,Z,wmoUnit:Pa,,Z,wmoUnit:m,,Z,wmoUnit:degC,,wmoUnit:degC,,wmoUnit:m,,Z,wmoUnit:percent,94.922371267331,V,wmoUnit:degC,,V,wmoUnit:degC,,V,[]
68,https://api.weather.gov/stations/SNI/observations/2022-03-13T20:00:00+00:00,Feature,Point,"[-111.86, 41.2]",https://api.weather.gov/stations/SNI/observations/2022-03-13T20:00:00+00:00,wx:ObservationStation,wmoUnit:m,2256.1,https://api.weather.gov/stations/SNI,2022-03-13T20:00:00+00:00,,,,[],wmoUnit:degC,-0.04,V,wmoUnit:degC,-1.48,V,wmoUnit:degree_(angle),,Z,wmoUnit:km_h-1,0.0,V,wmoUnit:km_h-1,0.0,S,wmoUnit:Pa,,Z,wmoUnit:Pa,,Z,wmoUnit:m,,Z,wmoUnit:degC,,wmoUnit:degC,,wmoUnit:m,,Z,wmoUnit:percent,90.024857524722,V,wmoUnit:degC,,V,wmoUnit:degC,,V,[]
69,https://api.weather.gov/stations/SNI/observations/2022-03-13T06:00:00+00:00,Feature,Point,"[-111.86, 41.2]",https://api.weather.gov/stations/SNI/observations/2022-03-13T06:00:00+00:00,wx:ObservationStation,wmoUnit:m,2256.1,https://api.weather.gov/stations/SNI,2022-03-13T06:00:00+00:00,,,,[],wmoUnit:degC,,Z,wmoUnit:degC,,Z,wmoUnit:degree_(angle),,Z,wmoUnit:km_h-1,,Z,wmoUnit:km_h-1,0.0,S,wmoUnit:Pa,,Z,wmoUnit:Pa,,Z,wmoUnit:m,,Z,wmoUnit:degC,,wmoUnit:degC,,wmoUnit:m,,Z,wmoUnit:percent,,Z,wmoUnit:degC,,Z,wmoUnit:degC,,Z,[]
70,https://api.weather.gov/stations/SNI/observations/2022-03-12T03:00:00+00:00,Feature,Point,"[-111.86, 41.2]",https://api.weather.gov/stations/SNI/observations/2022-03-12T03:00:00+00:00,wx:ObservationStation,wmoUnit:m,2256.1,https://api.weather.gov/stations/SNI,2022-03-12T03:00:00+00:00,,,,[],wmoUnit:degC,-4.98,V,wmoUnit:degC,-10.11,V,wmoUnit:degree_(angle),,Z,wmoUnit:km_h-1,0.0,V,wmoUnit:km_h-1,0.0,S,wmoUnit:Pa,,Z,wmoUnit:Pa,,Z,wmoUnit:m,,Z,wmoUnit:degC,,wmoUnit:degC,,wmoUnit:m,,Z,wmoUnit:percent,67.281199562676,V,wmoUnit:degC,,V,wmoUnit:degC,,V,[]
71,https://api.weather.gov/stations/SNI/observations/2022-03-14T22:00:00+00:00,Feature,Point,"[-111.86, 41.2]",https://api.weather.gov/stations/SNI/observations/2022-03-14T22:00:00+00:00,wx:ObservationStation,wmoUnit:m,2256.1,https://api.weather.gov/stations/SNI,2022-03-14T22:00:00+00:00,,,,[],wmoUnit:degC,,Z,wmoUnit:degC,,Z,wmoUnit:degree_(angle),,Z,wmoUnit:km_h-1,,Z,wmoUnit:km_h-1,0.0,S,wmoUnit:Pa,,Z,wmoUnit:Pa,,Z,wmoUnit:m,,Z,wmoUnit:degC,,wmoUnit:degC,,wmoUnit:m,,Z,wmoUnit:percent,,Z,wmoUnit:degC,,Z,wmoUnit:degC,,Z,[]
72,https://api.weather.gov/stations/SNI/observations/2022-03-11T00:00:00+00:00,Feature,Point,"[-111.86, 41.2]",https://api.weather.gov/stations/SNI/observations/2022-03-11T00:00:00+00:00,wx:ObservationStation,wmoUnit:m,2256.1,https://api.weather.gov/stations/SNI,2022-03-11T00:00:00+00:00,,,,[],wmoUnit:degC,-7.12,V,wmoUnit:degC,-15.74,V,wmoUnit:degree_(angle),,Z,wmoUnit:km_h-1,0.0,V,wmoUnit:km_h-1,0.0,S,wmoUnit:Pa,,Z,wmoUnit:Pa,,Z,wmoUnit:m,,Z,wmoUnit:degC,,wmoUnit:degC,,wmoUnit:m,,Z,wmoUnit:percent,50.229235820519,V,wmoUnit:degC,,V,wmoUnit:degC,,V,[]
73,https://api.weather.gov/stations/SNI/observations/2022-03-14T00:00:00+00:00,Feature,Point,"[-111.86, 41.2]",https://api.weather.gov/stations/SNI/observations/2022-03-14T00:00:00+00:00,wx:ObservationStation,wmoUnit:m,2256.1,https://api.weather.gov/stations/SNI,2022-03-14T00:00:00+00:00,,,,[],wmoUnit:degC,-1.57,V,wmoUnit:degC,-2.42,V,wmoUnit:degree_(angle),,Z,wmoUnit:km_h-1,0.0,V,wmoUnit:km_h-1,0.0,S,wmoUnit:Pa,,Z,wmoUnit:Pa,,Z,wmoUnit:m,,Z,wmoUnit:degC,,wmoUnit:degC,,wmoUnit:m,,Z,wmoUnit:percent,93.92572783441,V,wmoUnit:degC,,V,wmoUnit:degC,,V,[]
74,https://api.weather.gov/stations/SNI/observations/2022-03-16T17:00:00+00:00,Feature,Point,"[-111.86, 41.2]",https://api.weather.gov/stations/SNI/observations/2022-03-16T17:00:00+00:00,wx:ObservationStation,wmoUnit:m,2256.1,https://api.weather.gov/stations/SNI,2022-03-16T17:00:00+00:00,,,,[],wmoUnit:degC,,Z,wmoUnit:degC,,Z,wmoUnit:degree_(angle),,Z,wmoUnit:km_h-1,0.0,V,wmoUnit:km_h-1,,Z,wmoUnit:Pa,,Z,wmoUnit:Pa,,Z,wmoUnit:m,,Z,wmoUnit:degC,,wmoUnit:degC,,wmoUnit:m,,Z,wmoUnit:percent,,Z,wmoUnit:degC,,Z,wmoUnit:degC,,Z,[]
75,https://api.weather.gov/stations/SNI/observations/2022-03-16T02:00:00+00:00,Feature,Point,"[-111.86, 41.2]",https://api.weather.gov/stations/SNI/observations/2022-03-16T02:00:00+00:00,wx:ObservationStation,wmoUnit:m,2256.1,https://api.weather.gov/stations/SNI,2022-03-16T02:00:00+00:00,,,,[],wmoUnit:degC,-0.13,V,wmoUnit:degC,-0.13,V,wmoUnit:degree_(angle),,Z,wmoUnit:km_h-1,0.0,V,wmoUnit:km_h-1,0.0,S,wmoUnit:Pa,,Z,wmoUnit:Pa,,Z,wmoUnit:m,,Z,wmoUnit:degC,,wmoUnit:degC,,wmoUnit:m,,Z,wmoUnit:percent,100.0,V,wmoUnit:degC,,V,wmoUnit:degC,,V,[]
76,https://api.weather.gov/stations/SNI/observations/2022-03-10T21:00:00+00:00,Feature,Point,"[-111.86, 41.2]",https://api.weather.gov/stations/SNI/observations/2022-03-10T21:00:00+00:00,wx:ObservationStation,wmoUnit:m,2256.1,https://api.weather.gov/stations/SNI,2022-03-10T21:00:00+00:00,,,,[],wmoUnit:degC,,Z,wmoUnit:degC,,Z,wmoUnit:degree_(angle),,Z,wmoUnit:km_h-1,,Z,wmoUnit:km_h-1,0.0,S,wmoUnit:Pa,,Z,wmoUnit:Pa,,Z,wmoUnit:m,,Z,wmoUnit:degC,,wmoUnit:degC,,wmoUnit:m,,Z,wmoUnit:percent,,Z,wmoUnit:degC,,Z,wmoUnit:degC,,Z,[]
77,https://api.weather.gov/stations/SNI/observations/2022-03-16T01:00:00+00:00,Feature,Point,"[-111.86, 41.2]",https://api.weather.gov/stations/SNI/observations/2022-03-16T01:00:00+00:00,wx:ObservationStation,wmoUnit:m,2256.1,https://api.weather.gov/stations/SNI,2022-03-16T01:00:00+00:00,,,,[],wmoUnit:degC,2.14,V,wmoUnit:degC,0.71,V,wmoUnit:degree_(angle),,Z,wmoUnit:km_h-1,0.0,V,wmoUnit:km_h-1,0.0,S,wmoUnit:Pa,,Z,wmoUnit:Pa,,Z,wmoUnit:m,,Z,wmoUnit:degC,,wmoUnit:degC,,wmoUnit:m,,Z,wmoUnit:percent,90.258041006648,V,wmoUnit:degC,,V,wmoUnit:degC,,V,[]
78,https://api.weather.gov/stations/SNI/observations/2022-03-11T22:00:00+00:00,Feature,Point,"[-111.86, 41.2]",https://api.weather.gov/stations/SNI/observations/2022-03-11T22:00:00+00:00,wx:ObservationStation,wmoUnit:m,2256.1,https://api.weather.gov/stations/SNI,2022-03-11T22:00:00+00:00,,,,[],wmoUnit:degC,-4.79,V,wmoUnit:degC,-12.67,V,wmoUnit:degree_(angle),,Z,wmoUnit:km_h-1,0.0,V,wmoUnit:km_h-1,0.0,S,wmoUnit:Pa,,Z,wmoUnit:Pa,,Z,wmoUnit:m,,Z,wmoUnit:degC,,wmoUnit:degC,,wmoUnit:m,,Z,wmoUnit:percent,54.064154432225,V,wmoUnit:degC,,V,wmoUnit:degC,,V,[]
79,https://api.weather.gov/stations/SNI/observations/2022-03-10T22:00:00+00:00,Feature,Point,"[-111.86, 41.2]",https://api.weather.gov/stations/SNI/observations/2022-03-10T22:00:00+00:00,wx:ObservationStation,wmoUnit:m,2256.1,https://api.weather.gov/stations/SNI,2022-03-10T22:00:00+00:00,,,,[],wmoUnit:degC,,Z,wmoUnit:degC,,Z,wmoUnit:degree_(angle),,Z,wmoUnit:km_h-1,,Z,wmoUnit:km_h-1,0.0,S,wmoUnit:Pa,,Z,wmoUnit:Pa,,Z,wmoUnit:m,,Z,wmoUnit:degC,,wmoUnit:degC,,wmoUnit:m,,Z,wmoUnit:percent,,Z,wmoUnit:degC,,Z,wmoUnit:degC,,Z,[]
80,https://api.weather.gov/stations/SNI/observations/2022-03-14T15:00:00+00:00,Feature,Point,"[-111.86, 41.2]",https://api.weather.gov/stations/SNI/observations/2022-03-14T15:00:00+00:00,wx:ObservationStation,wmoUnit:m,2256.1,https://api.weather.gov/stations/SNI,2022-03-14T15:00:00+00:00,,,,[],wmoUnit:degC,,Z,wmoUnit:degC,,Z,wmoUnit:degree_(angle),,Z,wmoUnit:km_h-1,,Z,wmoUnit:km_h-1,0.0,S,wmoUnit:Pa,,Z,wmoUnit:Pa,,Z,wmoUnit:m,,Z,wmoUnit:degC,,wmoUnit:degC,,wmoUnit:m,,Z,wmoUnit:percent,,Z,wmoUnit:degC,,Z,wmoUnit:degC,,Z,[]
81,https://api.weather.gov/stations/SNI/observations/2022-03-11T09:00:00+00:00,Feature,Point,"[-111.86, 41.2]",https://api.weather.gov/stations/SNI/observations/2022-03-11T09:00:00+00:00,wx:ObservationStation,wmoUnit:m,2256.1,https://api.weather.gov/stations/SNI,2022-03-11T09:00:00+00:00,,,,[],wmoUnit:degC,-12.66,V,wmoUnit:degC,-16.33,V,wmoUnit:degree_(angle),,Z,wmoUnit:km_h-1,0.0,V,wmoUnit:km_h-1,0.0,S,wmoUnit:Pa,,Z,wmoUnit:Pa,,Z,wmoUnit:m,,Z,wmoUnit:degC,,wmoUnit:degC,,wmoUnit:m,,Z,wmoUnit:percent,74.008238911817,V,wmoUnit:degC,,V,wmoUnit:degC,,V,[]
82,https://api.weather.gov/stations/SNI/observations/2022-03-11T02:00:00+00:00,Feature,Point,"[-111.86, 41.2]",https://api.weather.gov/stations/SNI/observations/2022-03-11T02:00:00+00:00,wx:ObservationStation,wmoUnit:m,2256.1,https://api.weather.gov/stations/SNI,2022-03-11T02:00:00+00:00,,,,[],wmoUnit:degC,-10.67,V,wmoUnit:degC,-20.62,V,wmoUnit:degree_(angle),,Z,wmoUnit:km_h-1,0.0,V,wmoUnit:km_h-1,0.0,S,wmoUnit:Pa,,Z,wmoUnit:Pa,,Z,wmoUnit:m,,Z,wmoUnit:degC,,wmoUnit:degC,,wmoUnit:m,,Z,wmoUnit:percent,43.838306969966,V,wmoUnit:degC,,V,wmoUnit:degC,,V,[]
83,https://api.weather.gov/stations/SNI/observations/2022-03-15T09:00:00+00:00,Feature,Point,"[-111.86, 41.2]",https://api.weather.gov/stations/SNI/observations/2022-03-15T09:00:00+00:00,wx:ObservationStation,wmoUnit:m,2256.1,https://api.weather.gov/stations/SNI,2022-03-15T09:00:00+00:00,,,,[],wmoUnit:degC,,Z,wmoUnit:degC,,Z,wmoUnit:degree_(angle),,Z,wmoUnit:km_h-1,,Z,wmoUnit:km_h-1,0.0,S,wmoUnit:Pa,,Z,wmoUnit:Pa,,Z,wmoUnit:m,,Z,wmoUnit:degC,,wmoUnit:degC,,wmoUnit:m,,Z,wmoUnit:percent,,Z,wmoUnit:degC,,Z,wmoUnit:degC,,Z,[]
84,https://api.weather.gov/stations/SNI/observations/2022-03-12T06:00:00+00:00,Feature,Point,"[-111.86, 41.2]",https://api.weather.gov/stations/SNI/observations/2022-03-12T06:00:00+00:00,wx:ObservationStation,wmoUnit:m,2256.1,https://api.weather.gov/stations/SNI,2022-03-12T06:00:00+00:00,,,,[],wmoUnit:degC,-4.23,V,wmoUnit:degC,-10.73,V,wmoUnit:degree_(angle),,Z,wmoUnit:km_h-1,0.0,V,wmoUnit:km_h-1,0.0,S,wmoUnit:Pa,,Z,wmoUnit:Pa,,Z,wmoUnit:m,,Z,wmoUnit:degC,,wmoUnit:degC,,wmoUnit:m,,Z,wmoUnit:percent,60.539149798128,V,wmoUnit:degC,,V,wmoUnit:degC,,V,[]
85,https://api.weather.gov/stations/SNI/observations/2022-03-13T13:00:00+00:00,Feature,Point,"[-111.86, 41.2]",https://api.weather.gov/stations/SNI/observations/2022-03-13T13:00:00+00:00,wx:ObservationStation,wmoUnit:m,2256.1,https://api.weather.gov/stations/SNI,2022-03-13T13:00:00+00:00,,,,[],wmoUnit:degC,3.35,V,wmoUnit:degC,-4.58,V,wmoUnit:degree_(angle),,Z,wmoUnit:km_h-1,0.0,V,wmoUnit:km_h-1,0.0,S,wmoUnit:Pa,,Z,wmoUnit:Pa,,Z,wmoUnit:m,,Z,wmoUnit:degC,,wmoUnit:degC,,wmoUnit:m,,Z,wmoUnit:percent,56.093444850173,V,wmoUnit:degC,,V,wmoUnit:degC,,V,[]
86,https://api.weather.gov/stations/SNI/observations/2022-03-14T08:00:00+00:00,Feature,Point,"[-111.86, 41.2]",https://api.weather.gov/stations/SNI/observations/2022-03-14T08:00:00+00:00,wx:ObservationStation,wmoUnit:m,2256.1,https://api.weather.gov/stations/SNI,2022-03-14T08:00:00+00:00,,,,[],wmoUnit:degC,,Z,wmoUnit:degC,,Z,wmoUnit:degree_(angle),,Z,wmoUnit:km_h-1,,Z,wmoUnit:km_h-1,0.0,S,wmoUnit:Pa,,Z,wmoUnit:Pa,,Z,wmoUnit:m,,Z,wmoUnit:degC,,wmoUnit:degC,,wmoUnit:m,,Z,wmoUnit:percent,,Z,wmoUnit:degC,,Z,wmoUnit:degC,,Z,[]
87,https://api.weather.gov/stations/SNI/observations/2022-03-14T05:00:00+00:00,Feature,Point,"[-111.86, 41.2]",https://api.weather.gov/stations/SNI/observations/2022-03-14T05:00:00+00:00,wx:ObservationStation,wmoUnit:m,2256.1,https://api.weather.gov/stations/SNI,2022-03-14T05:00:00+00:00,,,,[],wmoUnit:degC,,Z,wmoUnit:degC,,Z,wmoUnit:degree_(angle),,Z,wmoUnit:km_h-1,,Z,wmoUnit:km_h-1,0.0,S,wmoUnit:Pa,,Z,wmoUnit:Pa,,Z,wmoUnit:m,,Z,wmoUnit:degC,,wmoUnit:degC,,wmoUnit:m,,Z,wmoUnit:percent,,Z,wmoUnit:degC,,Z,wmoUnit:degC,,Z,[]
88,https://api.weather.gov/stations/SNI/observations/2022-03-13T08:00:00+00:00,Feature,Point,"[-111.86, 41.2]",https://api.weather.gov/stations/SNI/observations/2022-03-13T08:00:00+00:00,wx:ObservationStation,wmoUnit:m,2256.1,https://api.weather.gov/stations/SNI,2022-03-13T08:00:00+00:00,,,,[],wmoUnit:degC,,Z,wmoUnit:degC,,Z,wmoUnit:degree_(angle),,Z,wmoUnit:km_h-1,,Z,wmoUnit:km_h-1,0.0,S,wmoUnit:Pa,,Z,wmoUnit:Pa,,Z,wmoUnit:m,,Z,wmoUnit:degC,,wmoUnit:degC,,wmoUnit:m,,Z,wmoUnit:percent,,Z,wmoUnit:degC,,Z,wmoUnit:degC,,Z,[]
89,https://api.weather.gov/stations/SNI/observations/2022-03-14T02:00:00+00:00,Feature,Point,"[-111.86, 41.2]",https://api.weather.gov/stations/SNI/observations/2022-03-14T02:00:00+00:00,wx:ObservationStation,wmoUnit:m,2256.1,https://api.weather.gov/stations/SNI,2022-03-14T02:00:00+00:00,,,,[],wmoUnit:degC,,Z,wmoUnit:degC,,Z,wmoUnit:degree_(angle),,Z,wmoUnit:km_h-1,,Z,wmoUnit:km_h-1,0.0,S,wmoUnit:Pa,,Z,wmoUnit:Pa,,Z,wmoUnit:m,,Z,wmoUnit:degC,,wmoUnit:degC,,wmoUnit:m,,Z,wmoUnit:percent,,Z,wmoUnit:degC,,Z,wmoUnit:degC,,Z,[]
90,https://api.weather.gov/stations/SNI/observations/2022-03-12T10:00:00+00:00,Feature,Point,"[-111.86, 41.2]",https://api.weather.gov/stations/SNI/observations/2022-03-12T10:00:00+00:00,wx:ObservationStation,wmoUnit:m,2256.1,https://api.weather.gov/stations/SNI,2022-03-12T10:00:00+00:00,,,,[],wmoUnit:degC,-2.54,V,wmoUnit:degC,-9.3,V,wmoUnit:degree_(angle),,Z,wmoUnit:km_h-1,0.0,V,wmoUnit:km_h-1,0.0,S,wmoUnit:Pa,,Z,wmoUnit:Pa,,Z,wmoUnit:m,,Z,wmoUnit:degC,,wmoUnit:degC,,wmoUnit:m,,Z,wmoUnit:percent,59.743099235906,V,wmoUnit:degC,,V,wmoUnit:degC,,V,[]
91,https://api.weather.gov/stations/SNI/observations/2022-03-15T05:00:00+00:00,Feature,Point,"[-111.86, 41.2]",https://api.weather.gov/stations/SNI/observations/2022-03-15T05:00:00+00:00,wx:ObservationStation,wmoUnit:m,2256.1,https://api.weather.gov/stations/SNI,2022-03-15T05:00:00+00:00,,,,[],wmoUnit:degC,-1.59,V,wmoUnit:degC,-6.05,V,wmoUnit:degree_(angle),,Z,wmoUnit:km_h-1,0.0,V,wmoUnit:km_h-1,0.0,S,wmoUnit:Pa,,Z,wmoUnit:Pa,,Z,wmoUnit:m,,Z,wmoUnit:degC,,wmoUnit:degC,,wmoUnit:m,,Z,wmoUnit:percent,71.614295916539,V,wmoUnit:degC,,V,wmoUnit:degC,,V,[]
92,https://api.weather.gov/stations/SNI/observations/2022-03-12T23:00:00+00:00,Feature,Point,"[-111.86, 41.2]",https://api.weather.gov/stations/SNI/observations/2022-03-12T23:00:00+00:00,wx:ObservationStation,wmoUnit:m,2256.1,https://api.weather.gov/stations/SNI,2022-03-12T23:00:00+00:00,,,,[],wmoUnit:degC,3.07,V,wmoUnit:degC,-3.22,V,wmoUnit:degree_(angle),,Z,wmoUnit:km_h-1,0.0,V,wmoUnit:km_h-1,0.0,S,wmoUnit:Pa,,Z,wmoUnit:Pa,,Z,wmoUnit:m,,Z,wmoUnit:degC,,wmoUnit:degC,,wmoUnit:m,,Z,wmoUnit:percent,63.349561988673,V,wmoUnit:degC,,V,wmoUnit:degC,,V,[]
93,https://api.weather.gov/stations/SNI/observations/2022-03-11T03:00:00+00:00,Feature,Point,"[-111.86, 41.2]",https://api.weather.gov/stations/SNI/observations/2022-03-11T03:00:00+00:00,wx:ObservationStation,wmoUnit:m,2256.1,https://api.weather.gov/stations/SNI,2022-03-11T03:00:00+00:00,,,,[],wmoUnit:degC,-11.25,V,wmoUnit:degC,-17.62,V,wmoUnit:degree_(angle),,Z,wmoUnit:km_h-1,0.0,V,wmoUnit:km_h-1,0.0,S,wmoUnit:Pa,,Z,wmoUnit:Pa,,Z,wmoUnit:m,,Z,wmoUnit:degC,,wmoUnit:degC,,wmoUnit:m,,Z,wmoUnit:percent,59.319812961468,V,wmoUnit:degC,,V,wmoUnit:degC,,V,[]
94,https://api.weather.gov/stations/SNI/observations/2022-03-11T06:00:00+00:00,Feature,Point,"[-111.86, 41.2]",https://api.weather.gov/stations/SNI/observations/2022-03-11T06:00:00+00:00,wx:ObservationStation,wmoUnit:m,2256.1,https://api.weather.gov/stations/SNI,2022-03-11T06:00:00+00:00,,,,[],wmoUnit:degC,,Z,wmoUnit:degC,,Z,wmoUnit:degree_(angle),,Z,wmoUnit:km_h-1,,Z,wmoUnit:km_h-1,0.0,S,wmoUnit:Pa,,Z,wmoUnit:Pa,,Z,wmoUnit:m,,Z,wmoUnit:degC,,wmoUnit:degC,,wmoUnit:m,,Z,wmoUnit:percent,,Z,wmoUnit:degC,,Z,wmoUnit:degC,,Z,[]
95,https://api.weather.gov/stations/SNI/observations/2022-03-13T16:00:00+00:00,Feature,Point,"[-111.86, 41.2]",https://api.weather.gov/stations/SNI/observations/2022-03-13T16:00:00+00:00,wx:ObservationStation,wmoUnit:m,2256.1,https://api.weather.gov/stations/SNI,2022-03-13T16:00:00+00:00,,,,[],wmoUnit:degC,,Z,wmoUnit:degC,,Z,wmoUnit:degree_(angle),,Z,wmoUnit:km_h-1,,Z,wmoUnit:km_h-1,0.0,S,wmoUnit:Pa,,Z,wmoUnit:Pa,,Z,wmoUnit:m,,Z,wmoUnit:degC,,wmoUnit:degC,,wmoUnit:m,,Z,wmoUnit:percent,,Z,wmoUnit:degC,,Z,wmoUnit:degC,,Z,[]
96,https://api.weather.gov/stations/SNI/observations/2022-03-15T20:00:00+00:00,Feature,Point,"[-111.86, 41.2]",https://api.weather.gov/stations/SNI/observations/2022-03-15T20:00:00+00:00,wx:ObservationStation,wmoUnit:m,2256.1,https://api.weather.gov/stations/SNI,2022-03-15T20:00:00+00:00,,,,[],wmoUnit:degC,5.45,V,wmoUnit:degC,-4.46,V,wmoUnit:degree_(angle),,Z,wmoUnit:km_h-1,0.0,V,wmoUnit:km_h-1,0.0,S,wmoUnit:Pa,,Z,wmoUnit:Pa,,Z,wmoUnit:m,,Z,wmoUnit:degC,,wmoUnit:degC,,wmoUnit:m,,Z,wmoUnit:percent,48.868337277572,V,wmoUnit:degC,,V,wmoUnit:degC,,V,[]
97,https://api.weather.gov/stations/SNI/observations/2022-03-14T03:00:00+00:00,Feature,Point,"[-111.86, 41.2]",https://api.weather.gov/stations/SNI/observations/2022-03-14T03:00:00+00:00,wx:ObservationStation,wmoUnit:m,2256.1,https://api.weather.gov/stations/SNI,2022-03-14T03:00:00+00:00,,,,[],wmoUnit:degC,,Z,wmoUnit:degC,,Z,wmoUnit:degree_(angle),,Z,wmoUnit:km_h-1,,Z,wmoUnit:km_h-1,0.0,S,wmoUnit:Pa,,Z,wmoUnit:Pa,,Z,wmoUnit:m,,Z,wmoUnit:degC,,wmoUnit:degC,,wmoUnit:m,,Z,wmoUnit:percent,,Z,wmoUnit:degC,,Z,wmoUnit:degC,,Z,[]
98,https://api.weather.gov/stations/SNI/observations/2022-03-13T02:00:00+00:00,Feature,Point,"[-111.86, 41.2]",https://api.weather.gov/stations/SNI/observations/2022-03-13T02:00:00+00:00,wx:ObservationStation,wmoUnit:m,2256.1,https://api.weather.gov/stations/SNI,2022-03-13T02:00:00+00:00,,,,[],wmoUnit:degC,1.61,V,wmoUnit:degC,,Z,wmoUnit:degree_(angle),,Z,wmoUnit:km_h-1,0.0,V,wmoUnit:km_h-1,0.0,S,wmoUnit:Pa,,Z,wmoUnit:Pa,,Z,wmoUnit:m,,Z,wmoUnit:degC,,wmoUnit:degC,,wmoUnit:m,,Z,wmoUnit:percent,,V,wmoUnit:degC,,V,wmoUnit:degC,,V,[]
99,https://api.weather.gov/stations/SNI/observations/2022-03-12T20:00:00+00:00,Feature,Point,"[-111.86, 41.2]",https://api.weather.gov/stations/SNI/observations/2022-03-12T20:00:00+00:00,wx:ObservationStation,wmoUnit:m,2256.1,https://api.weather.gov/stations/SNI,2022-03-12T20:00:00+00:00,,,,[],wmoUnit:degC,,Z,wmoUnit:degC,,Z,wmoUnit:degree_(angle),,Z,wmoUnit:km_h-1,,Z,wmoUnit:km_h-1,0.0,S,wmoUnit:Pa,,Z,wmoUnit:Pa,,Z,wmoUnit:m,,Z,wmoUnit:degC,,wmoUnit:degC,,wmoUnit:m,,Z,wmoUnit:percent,,Z,wmoUnit:degC,,Z,wmoUnit:degC,,Z,[]
100,https://api.weather.gov/stations/SNI/observations/2022-03-14T04:00:00+00:00,Feature,Point,"[-111.86, 41.2]",https://api.weather.gov/stations/SNI/observations/2022-03-14T04:00:00+00:00,wx:ObservationStation,wmoUnit:m,2256.1,https://api.weather.gov/stations/SNI,2022-03-14T04:00:00+00:00,,,,[],wmoUnit:degC,-3.11,V,wmoUnit:degC,-3.97,V,wmoUnit:degree_(angle),,Z,wmoUnit:km_h-1,0.0,V,wmoUnit:km_h-1,0.0,S,wmoUnit:Pa,,Z,wmoUnit:Pa,,Z,wmoUnit:m,,Z,wmoUnit:degC,,wmoUnit:degC,,wmoUnit:m,,Z,wmoUnit:percent,93.779513917453,V,wmoUnit:degC,,V,wmoUnit:degC,,V,[]
101,https://api.weather.gov/stations/SNI/observations/2022-03-12T04:00:00+00:00,Feature,Point,"[-111.86, 41.2]",https://api.weather.gov/stations/SNI/observations/2022-03-12T04:00:00+00:00,wx:ObservationStation,wmoUnit:m,2256.1,https://api.weather.gov/stations/SNI,2022-03-12T04:00:00+00:00,,,,[],wmoUnit:degC,,Z,wmoUnit:degC,,Z,wmoUnit:degree_(angle),,Z,wmoUnit:km_h-1,,Z,wmoUnit:km_h-1,0.0,S,wmoUnit:Pa,,Z,wmoUnit:Pa,,Z,wmoUnit:m,,Z,wmoUnit:degC,,wmoUnit:degC,,wmoUnit:m,,Z,wmoUnit:percent,,Z,wmoUnit:degC,,Z,wmoUnit:degC,,Z,[]
102,https://api.weather.gov/stations/SNI/observations/2022-03-14T07:00:00+00:00,Feature,Point,"[-111.86, 41.2]",https://api.weather.gov/stations/SNI/observations/2022-03-14T07:00:00+00:00,wx:ObservationStation,wmoUnit:m,2256.1,https://api.weather.gov/stations/SNI,2022-03-14T07:00:00+00:00,,,,[],wmoUnit:degC,-4.04,V,wmoUnit:degC,-5.76,V,wmoUnit:degree_(angle),,Z,wmoUnit:km_h-1,0.0,V,wmoUnit:km_h-1,,Z,wmoUnit:Pa,,Z,wmoUnit:Pa,,Z,wmoUnit:m,,Z,wmoUnit:degC,,wmoUnit:degC,,wmoUnit:m,,Z,wmoUnit:percent,87.816560713506,V,wmoUnit:degC,,V,wmoUnit:degC,,V,[]
103,https://api.weather.gov/stations/SNI/observations/2022-03-13T11:00:00+00:00,Feature,Point,"[-111.86, 41.2]",https://api.weather.gov/stations/SNI/observations/2022-03-13T11:00:00+00:00,wx:ObservationStation,wmoUnit:m,2256.1,https://api.weather.gov/stations/SNI,2022-03-13T11:00:00+00:00,,,,[],wmoUnit:degC,3.58,V,wmoUnit:degC,-4.32,V,wmoUnit:degree_(angle),,Z,wmoUnit:km_h-1,0.0,V,wmoUnit:km_h-1,,Z,wmoUnit:Pa,,Z,wmoUnit:Pa,,Z,wmoUnit:m,,Z,wmoUnit:degC,,wmoUnit:degC,,wmoUnit:m,,Z,wmoUnit:percent,56.281733552016,V,wmoUnit:degC,,V,wmoUnit:degC,,V,[]
104,https://api.weather.gov/stations/SNI/observations/2022-03-11T18:00:00+00:00,Feature,Point,"[-111.86, 41.2]",https://api.weather.gov/stations/SNI/observations/2022-03-11T18:00:00+00:00,wx:ObservationStation,wmoUnit:m,2256.1,https://api.weather.gov/stations/SNI,2022-03-11T18:00:00+00:00,,,,[],wmoUnit:degC,-8.24,V,wmoUnit:degC,-14.74,V,wmoUnit:degree_(angle),,Z,wmoUnit:km_h-1,0.0,V,wmoUnit:km_h-1,0.0,S,wmoUnit:Pa,,Z,wmoUnit:Pa,,Z,wmoUnit:m,,Z,wmoUnit:degC,,wmoUnit:degC,,wmoUnit:m,,Z,wmoUnit:percent,59.486720099688,V,wmoUnit:degC,,V,wmoUnit:degC,,V,[]
105,https://api.weather.gov/stations/SNI/observations/2022-03-11T01:00:00+00:00,Feature,Point,"[-111.86, 41.2]",https://api.weather.gov/stations/SNI/observations/2022-03-11T01:00:00+00:00,wx:ObservationStation,wmoUnit:m,2256.1,https://api.weather.gov/stations/SNI,2022-03-11T01:00:00+00:00,,,,[],wmoUnit:degC,-8.12,V,wmoUnit:degC,-17.82,V,wmoUnit:degree_(angle),,Z,wmoUnit:km_h-1,0.0,V,wmoUnit:km_h-1,0.0,S,wmoUnit:Pa,,Z,wmoUnit:Pa,,Z,wmoUnit:m,,Z,wmoUnit:degC,,wmoUnit:degC,,wmoUnit:m,,Z,wmoUnit:percent,45.596963413422,V,wmoUnit:degC,,V,wmoUnit:degC,,V,[]
106,https://api.weather.gov/stations/SNI/observations/2022-03-11T14:00:00+00:00,Feature,Point,"[-111.86, 41.2]",https://api.weather.gov/stations/SNI/observations/2022-03-11T14:00:00+00:00,wx:ObservationStation,wmoUnit:m,2256.1,https://api.weather.gov/stations/SNI,2022-03-11T14:00:00+00:00,,,,[],wmoUnit:degC,-11.46,V,wmoUnit:degC,-15.17,V,wmoUnit:degree_(angle),,Z,wmoUnit:km_h-1,0.0,V,wmoUnit:km_h-1,0.0,S,wmoUnit:Pa,,Z,wmoUnit:Pa,,Z,wmoUnit:m,,Z,wmoUnit:degC,,wmoUnit:degC,,wmoUnit:m,,Z,wmoUnit:percent,73.996178072188,V,wmoUnit:degC,,V,wmoUnit:degC,,V,[]
107,https://api.weather.gov/stations/SNI/observations/2022-03-11T08:00:00+00:00,Feature,Point,"[-111.86, 41.2]",https://api.weather.gov/stations/SNI/observations/2022-03-11T08:00:00+00:00,wx:ObservationStation,wmoUnit:m,2256.1,https://api.weather.gov/stations/SNI,2022-03-11T08:00:00+00:00,,,,[],wmoUnit:degC,,Z,wmoUnit:degC,,Z,wmoUnit:degree_(angle),,Z,wmoUnit:km_h-1,,Z,wmoUnit:km_h-1,0.0,S,wmoUnit:Pa,,Z,wmoUnit:Pa,,Z,wmoUnit:m,,Z,wmoUnit:degC,,wmoUnit:degC,,wmoUnit:m,,Z,wmoUnit:percent,,Z,wmoUnit:degC,,Z,wmoUnit:degC,,Z,[]
108,https://api.weather.gov/stations/SNI/observations/2022-03-11T20:00:00+00:00,Feature,Point,"[-111.86, 41.2]",https://api.weather.gov/stations/SNI/observations/2022-03-11T20:00:00+00:00,wx:ObservationStation,wmoUnit:m,2256.1,https://api.weather.gov/stations/SNI,2022-03-11T20:00:00+00:00,,,,[],wmoUnit:degC,-6.64,V,wmoUnit:degC,-13.81,V,wmoUnit:degree_(angle),,Z,wmoUnit:km_h-1,0.0,V,wmoUnit:km_h-1,0.0,S,wmoUnit:Pa,,Z,wmoUnit:Pa,,Z,wmoUnit:m,,Z,wmoUnit:degC,,wmoUnit:degC,,wmoUnit:m,,Z,wmoUnit:percent,56.73548488499,V,wmoUnit:degC,,V,wmoUnit:degC,,V,[]
109,https://api.weather.gov/stations/SNI/observations/2022-03-14T10:00:00+00:00,Feature,Point,"[-111.86, 41.2]",https://api.weather.gov/stations/SNI/observations/2022-03-14T10:00:00+00:00,wx:ObservationStation,wmoUnit:m,2256.1,https://api.weather.gov/stations/SNI,2022-03-14T10:00:00+00:00,,,,[],wmoUnit:degC,-4.36,V,wmoUnit:degC,-5.77,V,wmoUnit:degree_(angle),,Z,wmoUnit:km_h-1,0.0,V,wmoUnit:km_h-1,0.0,S,wmoUnit:Pa,,Z,wmoUnit:Pa,,Z,wmoUnit:m,,Z,wmoUnit:degC,,wmoUnit:degC,,wmoUnit:m,,Z,wmoUnit:percent,89.8838826798,V,wmoUnit:degC,,V,wmoUnit:degC,,V,[]
110,https://api.weather.gov/stations/SNI/observations/2022-03-13T19:00:00+00:00,Feature,Point,"[-111.86, 41.2]",https://api.weather.gov/stations/SNI/observations/2022-03-13T19:00:00+00:00,wx:ObservationStation,wmoUnit:m,2256.1,https://api.weather.gov/stations/SNI,2022-03-13T19:00:00+00:00,,,,[],wmoUnit:degC,-1.69,V,wmoUnit:degC,-2.02,V,wmoUnit:degree_(angle),,Z,wmoUnit:km_h-1,0.0,V,wmoUnit:km_h-1,0.0,S,wmoUnit:Pa,,Z,wmoUnit:Pa,,Z,wmoUnit:m,,Z,wmoUnit:degC,,wmoUnit:degC,,wmoUnit:m,,Z,wmoUnit:percent,97.59920945156,V,wmoUnit:degC,,V,wmoUnit:degC,,V,[]
111,https://api.weather.gov/stations/SNI/observations/2022-03-13T18:00:00+00:00,Feature,Point,"[-111.86, 41.2]",https://api.weather.gov/stations/SNI/observations/2022-03-13T18:00:00+00:00,wx:ObservationStation,wmoUnit:m,2256.1,https://api.weather.gov/stations/SNI,2022-03-13T18:00:00+00:00,,,,[],wmoUnit:degC,-2.14,V,wmoUnit:degC,-2.65,V,wmoUnit:degree_(angle),,Z,wmoUnit:km_h-1,0.0,V,wmoUnit:km_h-1,0.0,S,wmoUnit:Pa,,Z,wmoUnit:Pa,,Z,wmoUnit:m,,Z,wmoUnit:degC,,wmoUnit:degC,,wmoUnit:m,,Z,wmoUnit:percent,96.297817402319,V,wmoUnit:degC,,V,wmoUnit:degC,,V,[]
112,https://api.weather.gov/stations/SNI/observations/2022-03-13T00:00:00+00:00,Feature,Point,"[-111.86, 41.2]",https://api.weather.gov/stations/SNI/observations/2022-03-13T00:00:00+00:00,wx:ObservationStation,wmoUnit:m,2256.1,https://api.weather.gov/stations/SNI,2022-03-13T00:00:00+00:00,,,,[],wmoUnit:degC,,Z,wmoUnit:degC,,Z,wmoUnit:degree_(angle),,Z,wmoUnit:km_h-1,,Z,wmoUnit:km_h-1,0.0,S,wmoUnit:Pa,,Z,wmoUnit:Pa,,Z,wmoUnit:m,,Z,wmoUnit:degC,,wmoUnit:degC,,wmoUnit:m,,Z,wmoUnit:percent,,Z,wmoUnit:degC,,Z,wmoUnit:degC,,Z,[]
113,https://api.weather.gov/stations/SNI/observations/2022-03-13T01:00:00+00:00,Feature,Point,"[-111.86, 41.2]",https://api.weather.gov/stations/SNI/observations/2022-03-13T01:00:00+00:00,wx:ObservationStation,wmoUnit:m,2256.1,https://api.weather.gov/stations/SNI,2022-03-13T01:00:00+00:00,,,,[],wmoUnit:degC,,Z,wmoUnit:degC,,Z,wmoUnit:degree_(angle),,Z,wmoUnit:km_h-1,,Z,wmoUnit:km_h-1,0.0,S,wmoUnit:Pa,,Z,wmoUnit:Pa,,Z,wmoUnit:m,,Z,wmoUnit:degC,,wmoUnit:degC,,wmoUnit:m,,Z,wmoUnit:percent,,Z,wmoUnit:degC,,Z,wmoUnit:degC,,Z,[]
114,https://api.weather.gov/stations/SNI/observations/2022-03-11T23:00:00+00:00,Feature,Point,"[-111.86, 41.2]",https://api.weather.gov/stations/SNI/observations/2022-03-11T23:00:00+00:00,wx:ObservationStation,wmoUnit:m,2256.1,https://api.weather.gov/stations/SNI,2022-03-11T23:00:00+00:00,,,,[],wmoUnit:degC,-4.99,V,wmoUnit:degC,-11.76,V,wmoUnit:degree_(angle),,Z,wmoUnit:km_h-1,0.0,V,wmoUnit:km_h-1,0.0,S,wmoUnit:Pa,,Z,wmoUnit:Pa,,Z,wmoUnit:m,,Z,wmoUnit:degC,,wmoUnit:degC,,wmoUnit:m,,Z,wmoUnit:percent,59.053197591316,V,wmoUnit:degC,,V,wmoUnit:degC,,V,[]
115,https://api.weather.gov/stations/SNI/observations/2022-03-16T06:00:00+00:00,Feature,Point,"[-111.86, 41.2]",https://api.weather.gov/stations/SNI/observations/2022-03-16T06:00:00+00:00,wx:ObservationStation,wmoUnit:m,2256.1,https://api.weather.gov/stations/SNI,2022-03-16T06:00:00+00:00,,,,[],wmoUnit:degC,-0.22,V,wmoUnit:degC,-0.22,V,wmoUnit:degree_(angle),,Z,wmoUnit:km_h-1,0.0,V,wmoUnit:km_h-1,0.0,S,wmoUnit:Pa,,Z,wmoUnit:Pa,,Z,wmoUnit:m,,Z,wmoUnit:degC,,wmoUnit:degC,,wmoUnit:m,,Z,wmoUnit:percent,100.0,V,wmoUnit:degC,,V,wmoUnit:degC,,V,[]
116,https://api.weather.gov/stations/SNI/observations/2022-03-12T14:00:00+00:00,Feature,Point,"[-111.86, 41.2]",https://api.weather.gov/stations/SNI/observations/2022-03-12T14:00:00+00:00,wx:ObservationStation,wmoUnit:m,2256.1,https://api.weather.gov/stations/SNI,2022-03-12T14:00:00+00:00,,,,[],wmoUnit:degC,-2.34,V,wmoUnit:degC,,Z,wmoUnit:degree_(angle),,Z,wmoUnit:km_h-1,0.0,V,wmoUnit:km_h-1,0.0,S,wmoUnit:Pa,,Z,wmoUnit:Pa,,Z,wmoUnit:m,,Z,wmoUnit:degC,,wmoUnit:degC,,wmoUnit:m,,Z,wmoUnit:percent,,V,wmoUnit:degC,,V,wmoUnit:degC,,V,[]
117,https://api.weather.gov/stations/SNI/observations/2022-03-14T18:00:00+00:00,Feature,Point,"[-111.86, 41.2]",https://api.weather.gov/stations/SNI/observations/2022-03-14T18:00:00+00:00,wx:ObservationStation,wmoUnit:m,2256.1,https://api.weather.gov/stations/SNI,2022-03-14T18:00:00+00:00,,,,[],wmoUnit:degC,0.24,V,wmoUnit:degC,-3.47,V,wmoUnit:degree_(angle),,Z,wmoUnit:km_h-1,0.0,V,wmoUnit:km_h-1,0.0,S,wmoUnit:Pa,,Z,wmoUnit:Pa,,Z,wmoUnit:m,,Z,wmoUnit:degC,,wmoUnit:degC,,wmoUnit:m,,Z,wmoUnit:percent,76.134179389345,V,wmoUnit:degC,,V,wmoUnit:degC,,V,[]
118,https://api.weather.gov/stations/SNI/observations/2022-03-11T12:00:00+00:00,Feature,Point,"[-111.86, 41.2]",https://api.weather.gov/stations/SNI/observations/2022-03-11T12:00:00+00:00,wx:ObservationStation,wmoUnit:m,2256.1,https://api.weather.gov/stations/SNI,2022-03-11T12:00:00+00:00,,,,[],wmoUnit:degC,,Z,wmoUnit:degC,,Z,wmoUnit:degree_(angle),,Z,wmoUnit:km_h-1,,Z,wmoUnit:km_h-1,0.0,S,wmoUnit:Pa,,Z,wmoUnit:Pa,,Z,wmoUnit:m,,Z,wmoUnit:degC,,wmoUnit:degC,,wmoUnit:m,,Z,wmoUnit:percent,,Z,wmoUnit:degC,,Z,wmoUnit:degC,,Z,[]
119,https://api.weather.gov/stations/SNI/observations/2022-03-14T20:00:00+00:00,Feature,Point,"[-111.86, 41.2]",https://api.weather.gov/stations/SNI/observations/2022-03-14T20:00:00+00:00,wx:ObservationStation,wmoUnit:m,2256.1,https://api.weather.gov/stations/SNI,2022-03-14T20:00:00+00:00,,,,[],wmoUnit:degC,0.79,V,wmoUnit:degC,-3.84,V,wmoUnit:degree_(angle),,Z,wmoUnit:km_h-1,0.0,V,wmoUnit:km_h-1,0.0,S,wmoUnit:Pa,,Z,wmoUnit:Pa,,Z,wmoUnit:m,,Z,wmoUnit:degC,,wmoUnit:degC,,wmoUnit:m,,Z,wmoUnit:percent,71.17365295639,V,wmoUnit:degC,,V,wmoUnit:degC,,V,[]
120,https://api.weather.gov/stations/SNI/observations/2022-03-13T17:00:00+00:00,Feature,Point,"[-111.86, 41.2]",https://api.weather.gov/stations/SNI/observations/2022-03-13T17:00:00+00:00,wx:ObservationStation,wmoUnit:m,2256.1,https://api.weather.gov/stations/SNI,2022-03-13T17:00:00+00:00,,,,[],wmoUnit:degC,,Z,wmoUnit:degC,,Z,wmoUnit:degree_(angle),,Z,wmoUnit:km_h-1,0.0,V,wmoUnit:km_h-1,0.0,S,wmoUnit:Pa,,Z,wmoUnit:Pa,,Z,wmoUnit:m,,Z,wmoUnit:degC,,wmoUnit:degC,,wmoUnit:m,,Z,wmoUnit:percent,,Z,wmoUnit:degC,,Z,wmoUnit:degC,,Z,[]
121,https://api.weather.gov/stations/SNI/observations/2022-03-16T09:00:00+00:00,Feature,Point,"[-111.86, 41.2]",https://api.weather.gov/stations/SNI/observations/2022-03-16T09:00:00+00:00,wx:ObservationStation,wmoUnit:m,2256.1,https://api.weather.gov/stations/SNI,2022-03-16T09:00:00+00:00,,,,[],wmoUnit:degC,-1.86,V,wmoUnit:degC,-1.86,V,wmoUnit:degree_(angle),,Z,wmoUnit:km_h-1,0.0,V,wmoUnit:km_h-1,0.0,S,wmoUnit:Pa,,Z,wmoUnit:Pa,,Z,wmoUnit:m,,Z,wmoUnit:degC,,wmoUnit:degC,,wmoUnit:m,,Z,wmoUnit:percent,100.0,V,wmoUnit:degC,,V,wmoUnit:degC,,V,[]
122,https://api.weather.gov/stations/SNI/observations/2022-03-15T21:00:00+00:00,Feature,Point,"[-111.86, 41.2]",https://api.weather.gov/stations/SNI/observations/2022-03-15T21:00:00+00:00,wx:ObservationStation,wmoUnit:m,2256.1,https://api.weather.gov/stations/SNI,2022-03-15T21:00:00+00:00,,,,[],wmoUnit:degC,6.63,V,wmoUnit:degC,-4.32,V,wmoUnit:degree_(angle),,Z,wmoUnit:km_h-1,0.0,V,wmoUnit:km_h-1,0.0,S,wmoUnit:Pa,,Z,wmoUnit:Pa,,Z,wmoUnit:m,,Z,wmoUnit:degC,,wmoUnit:degC,,wmoUnit:m,,Z,wmoUnit:percent,45.521571399536,V,wmoUnit:degC,,V,wmoUnit:degC,,V,[]
123,https://api.weather.gov/stations/SNI/observations/2022-03-13T04:00:00+00:00,Feature,Point,"[-111.86, 41.2]",https://api.weather.gov/stations/SNI/observations/2022-03-13T04:00:00+00:00,wx:ObservationStation,wmoUnit:m,2256.1,https://api.weather.gov/stations/SNI,2022-03-13T04:00:00+00:00,,,,[],wmoUnit:degC,2.68,V,wmoUnit:degC,-3.46,V,wmoUnit:degree_(angle),,Z,wmoUnit:km_h-1,0.0,V,wmoUnit:km_h-1,,Z,wmoUnit:Pa,,Z,wmoUnit:Pa,,Z,wmoUnit:m,,Z,wmoUnit:degC,,wmoUnit:degC,,wmoUnit:m,,Z,wmoUnit:percent,63.969089989034,V,wmoUnit:degC,,V,wmoUnit:degC,,V,[]
124,https://api.weather.gov/stations/SNI/observations/2022-03-15T22:00:00+00:00,Feature,Point,"[-111.86, 41.2]",https://api.weather.gov/stations/SNI/observations/2022-03-15T22:00:00+00:00,wx:ObservationStation,wmoUnit:m,2256.1,https://api.weather.gov/stations/SNI,2022-03-15T22:00:00+00:00,,,,[],wmoUnit:degC,6.44,V,wmoUnit:degC,-1.77,V,wmoUnit:degree_(angle),,Z,wmoUnit:km_h-1,0.0,V,wmoUnit:km_h-1,0.0,S,wmoUnit:Pa,,Z,wmoUnit:Pa,,Z,wmoUnit:m,,Z,wmoUnit:degC,,wmoUnit:degC,,wmoUnit:m,,Z,wmoUnit:percent,55.751465354315,V,wmoUnit:degC,,V,wmoUnit:degC,,V,[]
125,https://api.weather.gov/stations/SNI/observations/2022-03-15T12:00:00+00:00,Feature,Point,"[-111.86, 41.2]",https://api.weather.gov/stations/SNI/observations/2022-03-15T12:00:00+00:00,wx:ObservationStation,wmoUnit:m,2256.1,https://api.weather.gov/stations/SNI,2022-03-15T12:00:00+00:00,,,,[],wmoUnit:degC,,Z,wmoUnit:degC,,Z,wmoUnit:degree_(angle),,Z,wmoUnit:km_h-1,,Z,wmoUnit:km_h-1,0.0,S,wmoUnit:Pa,,Z,wmoUnit:Pa,,Z,wmoUnit:m,,Z,wmoUnit:degC,,wmoUnit:degC,,wmoUnit:m,,Z,wmoUnit:percent,,Z,wmoUnit:degC,,Z,wmoUnit:degC,,Z,[]
126,https://api.weather.gov/stations/SNI/observations/2022-03-13T22:00:00+00:00,Feature,Point,"[-111.86, 41.2]",https://api.weather.gov/stations/SNI/observations/2022-03-13T22:00:00+00:00,wx:ObservationStation,wmoUnit:m,2256.1,https://api.weather.gov/stations/SNI,2022-03-13T22:00:00+00:00,,,,[],wmoUnit:degC,0.03,V,wmoUnit:degC,-1.78,V,wmoUnit:degree_(angle),,Z,wmoUnit:km_h-1,0.0,V,wmoUnit:km_h-1,0.0,S,wmoUnit:Pa,,Z,wmoUnit:Pa,,Z,wmoUnit:m,,Z,wmoUnit:degC,,wmoUnit:degC,,wmoUnit:m,,Z,wmoUnit:percent,87.615579123903,V,wmoUnit:degC,,V,wmoUnit:degC,,V,[]
127,https://api.weather.gov/stations/SNI/observations/2022-03-16T03:00:00+00:00,Feature,Point,"[-111.86, 41.2]",https://api.weather.gov/stations/SNI/observations/2022-03-16T03:00:00+00:00,wx:ObservationStation,wmoUnit:m,2256.1,https://api.weather.gov/stations/SNI,2022-03-16T03:00:00+00:00,,,,[],wmoUnit:degC,0.04,V,wmoUnit:degC,0.04,V,wmoUnit:degree_(angle),,Z,wmoUnit:km_h-1,0.0,V,wmoUnit:km_h-1,0.0,S,wmoUnit:Pa,,Z,wmoUnit:Pa,,Z,wmoUnit:m,,Z,wmoUnit:degC,,wmoUnit:degC,,wmoUnit:m,,Z,wmoUnit:percent,100.0,V,wmoUnit:degC,,V,wmoUnit:degC,,V,[]
128,https://api.weather.gov/stations/SNI/observations/2022-03-14T06:00:00+00:00,Feature,Point,"[-111.86, 41.2]",https://api.weather.gov/stations/SNI/observations/2022-03-14T06:00:00+00:00,wx:ObservationStation,wmoUnit:m,2256.1,https://api.weather.gov/stations/SNI,2022-03-14T06:00:00+00:00,,,,[],wmoUnit:degC,,Z,wmoUnit:degC,,Z,wmoUnit:degree_(angle),,Z,wmoUnit:km_h-1,,Z,wmoUnit:km_h-1,0.0,S,wmoUnit:Pa,,Z,wmoUnit:Pa,,Z,wmoUnit:m,,Z,wmoUnit:degC,,wmoUnit:degC,,wmoUnit:m,,Z,wmoUnit:percent,,Z,wmoUnit:degC,,Z,wmoUnit:degC,,Z,[]
129,https://api.weather.gov/stations/SNI/observations/2022-03-16T10:00:00+00:00,Feature,Point,"[-111.86, 41.2]",https://api.weather.gov/stations/SNI/observations/2022-03-16T10:00:00+00:00,wx:ObservationStation,wmoUnit:m,2256.1,https://api.weather.gov/stations/SNI,2022-03-16T10:00:00+00:00,,,,[],wmoUnit:degC,-1.25,V,wmoUnit:degC,-1.25,V,wmoUnit:degree_(angle),,Z,wmoUnit:km_h-1,0.0,V,wmoUnit:km_h-1,0.0,S,wmoUnit:Pa,,Z,wmoUnit:Pa,,Z,wmoUnit:m,,Z,wmoUnit:degC,,wmoUnit:degC,,wmoUnit:m,,Z,wmoUnit:percent,100.0,V,wmoUnit:degC,,V,wmoUnit:degC,,V,[]
130,https://api.weather.gov/stations/SNI/observations/2022-03-11T07:00:00+00:00,Feature,Point,"[-111.86, 41.2]",https://api.weather.gov/stations/SNI/observations/2022-03-11T07:00:00+00:00,wx:ObservationStation,wmoUnit:m,2256.1,https://api.weather.gov/stations/SNI,2022-03-11T07:00:00+00:00,,,,[],wmoUnit:degC,-12.66,V,wmoUnit:degC,-15.01,V,wmoUnit:degree_(angle),,Z,wmoUnit:km_h-1,0.0,V,wmoUnit:km_h-1,0.0,S,wmoUnit:Pa,,Z,wmoUnit:Pa,,Z,wmoUnit:m,,Z,wmoUnit:degC,,wmoUnit:degC,,wmoUnit:m,,Z,wmoUnit:percent,82.562158383157,V,wmoUnit:degC,,V,wmoUnit:degC,,V,[]
131,https://api.weather.gov/stations/SNI/observations/2022-03-15T07:00:00+00:00,Feature,Point,"[-111.86, 41.2]",https://api.weather.gov/stations/SNI/observations/2022-03-15T07:00:00+00:00,wx:ObservationStation,wmoUnit:m,2256.1,https://api.weather.gov/stations/SNI,2022-03-15T07:00:00+00:00,,,,[],wmoUnit:degC,-0.06,V,wmoUnit:degC,-3.2,V,wmoUnit:degree_(angle),,Z,wmoUnit:km_h-1,0.0,V,wmoUnit:km_h-1,0.0,S,wmoUnit:Pa,,Z,wmoUnit:Pa,,Z,wmoUnit:m,,Z,wmoUnit:degC,,wmoUnit:degC,,wmoUnit:m,,Z,wmoUnit:percent,79.38946087456,V,wmoUnit:degC,,V,wmoUnit:degC,,V,[]
132,https://api.weather.gov/stations/SNI/observations/2022-03-15T03:00:00+00:00,Feature,Point,"[-111.86, 41.2]",https://api.weather.gov/stations/SNI/observations/2022-03-15T03:00:00+00:00,wx:ObservationStation,wmoUnit:m,2256.1,https://api.weather.gov/stations/SNI,2022-03-15T03:00:00+00:00,,,,[],wmoUnit:degC,-1.23,V,wmoUnit:degC,-6.63,V,wmoUnit:degree_(angle),,Z,wmoUnit:km_h-1,0.0,V,wmoUnit:km_h-1,0.0,S,wmoUnit:Pa,,Z,wmoUnit:Pa,,Z,wmoUnit:m,,Z,wmoUnit:degC,,wmoUnit:degC,,wmoUnit:m,,Z,wmoUnit:percent,66.722210684178,V,wmoUnit:degC,,V,wmoUnit:degC,,V,[]
133,https://api.weather.gov/stations/SNI/observations/2022-03-13T05:00:00+00:00,Feature,Point,"[-111.86, 41.2]",https://api.weather.gov/stations/SNI/observations/2022-03-13T05:00:00+00:00,wx:ObservationStation,wmoUnit:m,2256.1,https://api.weather.gov/stations/SNI,2022-03-13T05:00:00+00:00,,,,[],wmoUnit:degC,2.72,V,wmoUnit:degC,-2.65,V,wmoUnit:degree_(angle),,Z,wmoUnit:km_h-1,0.0,V,wmoUnit:km_h-1,0.0,S,wmoUnit:Pa,,Z,wmoUnit:Pa,,Z,wmoUnit:m,,Z,wmoUnit:degC,,wmoUnit:degC,,wmoUnit:m,,Z,wmoUnit:percent,67.748896973329,V,wmoUnit:degC,,V,wmoUnit:degC,,V,[]
134,https://api.weather.gov/stations/SNI/observations/2022-03-16T15:00:00+00:00,Feature,Point,"[-111.86, 41.2]",https://api.weather.gov/stations/SNI/observations/2022-03-16T15:00:00+00:00,wx:ObservationStation,wmoUnit:m,2256.1,https://api.weather.gov/stations/SNI,2022-03-16T15:00:00+00:00,,,,[],wmoUnit:degC,-0.68,V,wmoUnit:degC,-0.68,V,wmoUnit:degree_(angle),,Z,wmoUnit:km_h-1,0.0,V,wmoUnit:km_h-1,0.0,S,wmoUnit:Pa,,Z,wmoUnit:Pa,,Z,wmoUnit:m,,Z,wmoUnit:degC,,wmoUnit:degC,,wmoUnit:m,,Z,wmoUnit:percent,100.0,V,wmoUnit:degC,,V,wmoUnit:degC,,V,[]
135,https://api.weather.gov/stations/SNI/observations/2022-03-15T06:00:00+00:00,Feature,Point,"[-111.86, 41.2]",https://api.weather.gov/stations/SNI/observations/2022-03-15T06:00:00+00:00,wx:ObservationStation,wmoUnit:m,2256.1,https://api.weather.gov/stations/SNI,2022-03-15T06:00:00+00:00,,,,[],wmoUnit:degC,,Z,wmoUnit:degC,,Z,wmoUnit:degree_(angle),,Z,wmoUnit:km_h-1,,Z,wmoUnit:km_h-1,0.0,S,wmoUnit:Pa,,Z,wmoUnit:Pa,,Z,wmoUnit:m,,Z,wmoUnit:degC,,wmoUnit:degC,,wmoUnit:m,,Z,wmoUnit:percent,,Z,wmoUnit:degC,,Z,wmoUnit:degC,,Z,[]
136,https://api.weather.gov/stations/SNI/observations/2022-03-16T07:00:00+00:00,Feature,Point,"[-111.86, 41.2]",https://api.weather.gov/stations/SNI/observations/2022-03-16T07:00:00+00:00,wx:ObservationStation,wmoUnit:m,2256.1,https://api.weather.gov/stations/SNI,2022-03-16T07:00:00+00:00,,,,[],wmoUnit:degC,-0.91,V,wmoUnit:degC,-0.91,V,wmoUnit:degree_(angle),,Z,wmoUnit:km_h-1,0.0,V,wmoUnit:km_h-1,0.0,S,wmoUnit:Pa,,Z,wmoUnit:Pa,,Z,wmoUnit:m,,Z,wmoUnit:degC,,wmoUnit:degC,,wmoUnit:m,,Z,wmoUnit:percent,100.0,V,wmoUnit:degC,,V,wmoUnit:degC,,V,[]
137,https://api.weather.gov/stations/SNI/observations/2022-03-12T00:00:00+00:00,Feature,Point,"[-111.86, 41.2]",https://api.weather.gov/stations/SNI/observations/2022-03-12T00:00:00+00:00,wx:ObservationStation,wmoUnit:m,2256.1,https://api.weather.gov/stations/SNI,2022-03-12T00:00:00+00:00,,,,[],wmoUnit:degC,-5.24,V,wmoUnit:degC,-11.64,V,wmoUnit:degree_(angle),,Z,wmoUnit:km_h-1,0.0,V,wmoUnit:km_h-1,0.0,S,wmoUnit:Pa,,Z,wmoUnit:Pa,,Z,wmoUnit:m,,Z,wmoUnit:degC,,wmoUnit:degC,,wmoUnit:m,,Z,wmoUnit:percent,60.761787191272,V,wmoUnit:degC,,V,wmoUnit:degC,,V,[]
138,https://api.weather.gov/stations/SNI/observations/2022-03-11T15:00:00+00:00,Feature,Point,"[-111.86, 41.2]",https://api.weather.gov/stations/SNI/observations/2022-03-11T15:00:00+00:00,wx:ObservationStation,wmoUnit:m,2256.1,https://api.weather.gov/stations/SNI,2022-03-11T15:00:00+00:00,,,,[],wmoUnit:degC,-11.24,V,wmoUnit:degC,,Z,wmoUnit:degree_(angle),,Z,wmoUnit:km_h-1,0.0,V,wmoUnit:km_h-1,0.0,S,wmoUnit:Pa,,Z,wmoUnit:Pa,,Z,wmoUnit:m,,Z,wmoUnit:degC,,wmoUnit:degC,,wmoUnit:m,,Z,wmoUnit:percent,,V,wmoUnit:degC,,V,wmoUnit:degC,,V,[]
139,https://api.weather.gov/stations/SNI/observations/2022-03-13T15:00:00+00:00,Feature,Point,"[-111.86, 41.2]",https://api.weather.gov/stations/SNI/observations/2022-03-13T15:00:00+00:00,wx:ObservationStation,wmoUnit:m,2256.1,https://api.weather.gov/stations/SNI,2022-03-13T15:00:00+00:00,,,,[],wmoUnit:degC,1.27,V,wmoUnit:degC,,Z,wmoUnit:degree_(angle),,Z,wmoUnit:km_h-1,0.0,V,wmoUnit:km_h-1,0.0,S,wmoUnit:Pa,,Z,wmoUnit:Pa,,Z,wmoUnit:m,,Z,wmoUnit:degC,,wmoUnit:degC,,wmoUnit:m,,Z,wmoUnit:percent,,V,wmoUnit:degC,,V,wmoUnit:degC,,V,[]
